position,entropy_value
3,1.58496
4,1.58496
5,1.58496
6,1.58496
7,1.58496
8,1.58496
9,1.58496
10,1.58496
11,1.58496
12,1.58496
13,1.58496
14,1.58496
15,1.58496
16,1.58496
17,1.58496
18,1.58496
19,1.58496
20,1.58496
21,1.58496
22,2.16993
23,1.84609
24,1.80735
25,1.86014
26,1.84276
27,2.09686
28,2.28421
29,2.30189
30,1.80735
31,1.94996
32,2.31259
33,1.78136
34,1.93707
35,2
36,1.93707
37,2.16581
38,2.16146
39,2.24176
40,1.95641
41,1.79837
42,2.14296
43,2.41814
44,2.11548
45,1.84276
46,2.09686
47,1.953
48,2.1343
49,1.85688
50,2.02554
51,2.25298
52,2.03847
53,2.25939
54,1.92961
55,2.41814
56,2.26748
57,2.09686
58,2.11221
59,1.88085
60,2.17932
61,2.17932
62,2.04669
63,2
64,2.1247
65,2.06178
66,2.09686
67,1.95174
68,2.40881
69,2.52356
70,1.91511
71,2.10912
72,1.91857
73,1.98138
74,2.22542
75,2.16993
76,2.18641
77,2.14296
78,1.63227
79,1.848
80,1.82667
81,2.37504
82,1.86014
83,1.84276
84,1.94486
85,1.95693
86,2.18866
87,1.73361
88,2.23563
89,1.76356
90,1.92427
91,1.79837
92,1.78932
93,2.22542
94,1.7633
95,2.14136
96,2.46949
97,1.65368
98,2.01937
99,1.76356
100,4.21378
101,2.08746
102,1.70044
103,1.80735
104,1.99022
105,1.91857
106,1.98138
107,1.82103
108,1.88085
109,2.05445
110,1.93289
111,2.21681
112,2.0282
113,2.03395
114,2.0199
115,1.77493
116,1.78427
117,2.21681
118,2.30433
119,1.88662
120,1.73361
121,2.0199
122,2.21632
123,2.22542
124,1.87774
125,2.11221
126,1.69817
127,2.22542
128,1.87774
129,2.11221
130,2.10343
131,1.92961
132,2.18866
133,1.73361
134,2.0199
135,2.05585
136,1.82685
137,2.1836
138,1.99159
139,1.90689
140,1.922
141,1.98089
142,2.06667
143,1.85914
144,1.848
145,2.02895
146,1.953
147,2.0983
148,2.22542
149,2.26748
150,2.09686
151,2.11221
152,1.953
153,1.92427
154,2.152
155,2.20387
156,2.25298
157,1.926
158,2.14684
159,1.98138
160,2.06496
161,2.13171
162,1.8679
163,1.93707
164,1.75077
165,1.7997
166,2.0983
167,1.88662
168,1.73361
169,1.8679
170,1.93707
171,2.16581
172,1.70895
173,1.86014
174,2.15687
175,2.09192
176,2.60039
177,1.94486
178,2.03395
179,2.28293
180,2.20945
181,6.20945
182,1.80735
183,1.80735
184,1.58496
185,1.88042
186,1.95641
187,1.92961
188,2.06667
189,2.07039
190,2.1375
191,2.20387
192,1.87447
193,2.49923
194,1.848
195,1.84609
196,1.80735
197,1.95744
198,2.05445
199,2.07039
200,1.98138
201,1.82103
202,2.06848
203,1.98138
204,2.15528
205,2.25298
206,2
207,2.1247
208,1.95744
209,2.05445
210,2.18286
211,2.18866
212,1.98935
213,1.953
214,2.09954
215,1.93289
216,2.03395
217,2.10236
218,1.94877
219,2.24176
220,2.1008
221,1.89724
222,2.46877
223,2.18866
224,2.16993
225,1.91511
226,1.84609
227,2.31259
228,1.974
229,2.11221
230,2.13171
231,2.23563
232,1.76356
233,1.92427
234,1.92961
235,2.06667
236,2.11221
237,2.15528
238,1.87447
239,1.70782
240,2.14975
241,1.85244
242,1.80735
243,1.80735
244,2.01707
245,2.1836
246,2.02554
247,1.91194
248,2.06496
249,2.04924
250,2.24548
251,1.88085
252,2.05445
253,1.96605
254,2.19794
255,2.29177
256,2.11221
257,2.15528
258,2.25298
259,2.03847
260,2.21632
261,1.82103
262,5.49185
263,1.26303
264,1.80735
265,1.58496
266,2.3744
267,1.86836
268,1.93707
269,1.82103
270,2.38042
271,1.80735
272,1.91427
273,1.922
274,2.18866
275,2.40498
276,1.64508
277,2
278,1.7997
279,1.92427
280,1.79837
281,2.14296
282,2.18866
283,1.73361
284,1.8679
285,1.93707
286,2.24176
287,1.95641
288,2.27753
289,2.10912
290,2.46877
291,1.78427
292,2
293,1.82667
294,2.08964
295,2.52356
296,1.91511
297,2.10912
298,1.69817
299,1.88662
300,1.80232
301,1.93707
302,2.03847
303,2.05585
304,2.46428
305,1.68182
306,2.16581
307,2.23947
308,2.15687
309,1.80735
310,1.94996
311,1.80735
312,2.06178
313,1.94486
314,2.1375
315,1.65368
316,2.01937
317,2.28293
318,2.45457
319,2.0983
320,2.22542
321,2.26748
322,2.09686
323,2.11221
324,1.69817
325,1.82103
326,2.1343
327,1.85688
328,2.02554
329,2.11548
330,2.04669
331,2
332,1.86836
333,2.1964
334,2.06054
335,1.9542
336,2.23173
337,2.38042
338,1.80735
339,2.24548
340,1.88085
341,1.88042
342,2.30433
343,7.31288
344,2.11548
345,1.80735
346,1
347,2.01707
348,2.10912
349,2.20945
350,1.81714
351,2.17932
352,1.98138
353,1.82103
354,1.88085
355,2.05445
356,1.93289
357,2.03395
358,2.10236
359,1.73118
360,1.974
361,2.24548
362,1.88085
363,2.05445
364,1.93289
365,2.21681
366,2.14684
367,1.98138
368,2.22542
369,2.03242
370,2.11221
371,1.69817
372,2.22542
373,1.9349
374,2.05445
375,2.23947
376,2.52356
377,2.18641
378,2.14296
379,2.18866
380,1.80232
381,2.20716
382,1.70782
383,2.01707
384,2.1836
385,2.37346
386,1.8365
387,2.25939
388,2.152
389,1.65368
390,1.8365
391,2.05585
392,2.04924
393,2.19401
394,2.08964
395,2.10852
396,1.95174
397,1.80735
398,2.06178
399,1.94486
400,2.1375
401,1.65368
402,1.98089
403,2.06667
404,2.11548
405,2.16993
406,1.96047
407,2.06871
408,2.07039
409,1.98138
410,2.02748
411,2.21681
412,1.95641
413,1.79837
414,1.78932
415,1.78932
416,2.22542
417,1.65368
418,1.98089
419,2.0282
420,2.03395
421,1.76356
422,2.13578
423,1.82685
424,5.72792
425,2.08746
426,1.48543
427,1.41504
428,2.38042
429,1.80735
430,1.64508
431,1.87168
432,1.70895
433,1.86014
434,2.27886
435,2.32193
436,2.23563
437,1.76356
438,1.92427
439,2.152
440,1.65368
441,1.8365
442,1.63136
443,1.80314
444,1.96047
445,1.87168
446,2.16146
447,2.09366
448,1.96605
449,2
450,2.01707
451,2.10912
452,1.78319
453,2.08964
454,2.10852
455,2.11221
456,2.10912
457,1.78319
458,2.37504
459,1.86014
460,2.15687
461,2.05445
462,1.70895
463,2.06178
464,2.09686
465,2.11221
466,2.10912
467,1.78319
468,1.94877
469,1.75077
470,1.82667
471,1.73118
472,2.1964
473,2.06054
474,2.06667
475,2.11548
476,2.16993
477,2.18442
478,2.14975
479,2.30189
480,2.49923
481,1.72348
482,2.1343
483,1.95641
484,2.27753
485,2.02895
486,1.953
487,1.92427
488,1.92961
489,2.41814
490,1.85244
491,1.80735
492,2.11221
493,2.04924
494,1.80735
495,1.94996
496,2.31259
497,2.1964
498,2.23563
499,2.10236
500,1.73118
501,2.15687
502,1.80735
503,2.16146
504,1.91857
505,6.26679
506,2.80735
507,1.22239
508,2.58496
509,2.01937
510,2.10236
511,2.08964
512,2.52356
513,1.91511
514,2.10912
515,2.06667
516,1.85914
517,2.46949
518,1.65368
519,2.32193
520,1.86836
521,1.78136
522,2.20716
523,1.70782
524,1.94996
525,1.68182
526,1.75077
527,2
528,1.81714
529,1.77493
530,1.9542
531,2.04924
532,2.11221
533,2.04924
534,2.11221
535,2.00972
536,1.93707
537,2.20353
538,2.28293
539,1.78319
540,1.94877
541,2.24176
542,1.95641
543,1.92961
544,1.63227
545,1.848
546,2.60039
547,2.17932
548,1.98138
549,2.22542
550,1.98935
551,1.74655
552,2.07039
553,1.91511
554,2.10912
555,1.69817
556,2.22542
557,1.85244
558,1.80735
559,1.91427
560,1.922
561,2.18866
562,1.80232
563,1.86836
564,1.93707
565,2.22542
566,2.16993
567,1.91511
568,2.10912
569,2.10343
570,2.152
571,1.7633
572,2.14136
573,1.848
574,2.10912
575,1.91857
576,2.01886
577,1.70782
578,1.94996
579,1.68182
580,2.24176
581,1.85688
582,2.37346
583,2.32193
584,1.93707
585,2.09366
586,6.39232
587,2.16993
588,2.80735
589,1.32193
590,2.26849
591,2.46428
592,1.68182
593,1.75077
594,1.7997
595,2.0983
596,2.22542
597,1.85244
598,2.32193
599,1.8679
600,2.1247
601,1.95744
602,2.09192
603,1.82667
604,1.94877
605,2.24176
606,2.1008
607,2.04924
608,2.10912
609,2.45457
610,1.92427
611,1.92961
612,1.63227
613,2.1343
614,2.23947
615,2.10852
616,2.11221
617,1.88085
618,2.26679
619,1.85914
620,2.46949
621,1.65368
622,1.98089
623,2.06667
624,2
625,2.01707
626,1.88085
627,2.17932
628,1.98138
629,2
630,1.86836
631,1.78136
632,2.08517
633,1.82103
634,2.38042
635,1.80735
636,1.80735
637,2.01707
638,2.1836
639,2.37346
640,1.98089
641,2.0282
642,2.21681
643,2.06667
644,1.85914
645,2.04064
646,2.22542
647,1.7633
648,1.98089
649,2.01707
650,2.19401
651,2.08964
652,1.68226
653,2.28421
654,1.9349
655,2.09192
656,1.82667
657,1.94877
658,2.16581
659,1.70895
660,1.95744
661,2.05445
662,1.70895
663,2.06178
664,1.98138
665,1.87774
666,1.96047
667,6.42626
668,2
669,2.45943
670,2.16993
671,2.20945
672,2.20945
673,1.81714
674,1.77493
675,2.18866
676,2.03242
677,2.07039
678,2.14136
679,2.04064
680,2.22542
681,1.65368
682,1.8365
683,2.25939
684,1.92961
685,2.06667
686,2.07039
687,1.95693
688,2.41814
689,1.9349
690,1.88042
691,1.85688
692,2.02554
693,1.91194
694,2.02748
695,2.21681
696,1.95641
697,1.92961
698,2.41814
699,1.9349
700,2.09192
701,1.7997
702,2.25442
703,1.80314
704,2.08246
705,2.04924
706,2.49923
707,2.29177
708,2.15528
709,1.953
710,2.1343
711,2.23947
712,1.974
713,2.11221
714,2.04924
715,1.64508
716,1.87168
717,2.23947
718,1.68226
719,2.28421
720,1.73361
721,1.8679
722,2.1247
723,1.95744
724,2.05445
725,2.23947
726,1.78136
727,1.93707
728,2
729,2.1247
730,2.29624
731,2.32193
732,2.23563
733,2.10236
734,2.37504
735,2.29624
736,1.80735
737,1.80735
738,2.01707
739,1.69817
740,1.88662
741,2.30189
742,2.49923
743,2.29177
744,2.11221
745,2.15528
746,1.87447
747,1.70782
748,5.14975
749,2.11548
750,2.80735
751,2
752,1.87168
753,2.16146
754,2.09366
755,1.96605
756,2.19794
757,1.72348
758,2.1343
759,2.23947
760,1.97924
761,2.07039
762,1.98089
763,2.06667
764,2.19794
765,1.72348
766,1.848
767,2
768,2.45457
769,2.0983
770,2.22542
771,2.11221
772,2.07039
773,1.98089
774,2.06667
775,2.11548
776,2.16993
777,2.12553
778,2.03242
779,2.11221
780,1.88085
781,1.94486
782,2.21681
783,2.06667
784,2.19794
785,1.72348
786,2.09954
787,2.07039
788,2.01886
789,1.70782
790,2.01707
791,2.10912
792,1.78319
793,1.73118
794,1.974
795,1.64508
796,2.06871
797,1.93289
798,1.87168
799,2.1247
800,1.86014
801,1.90689
802,1.90689
803,2.27886
804,1.80735
805,2.19967
806,2.03242
807,1.87774
808,1.96047
809,2.06871
810,2.18286
811,1.9542
812,2.04924
813,2.19967
814,2.03242
815,1.95174
816,1.68182
817,2.09366
818,2.07039
819,1.98138
820,2.03847
821,2.21632
822,1.82103
823,1.848
824,2
825,2.20945
826,1.81714
827,2.17932
828,2.17932
829,6.29462
830,2.80735
831,2.58496
832,2.16993
833,2.20945
834,1.78319
835,1.73118
836,1.974
837,2.24548
838,2.06848
839,1.98138
840,1.87774
841,1.96047
842,2.38042
843,2.3744
844,1.93707
845,2.03847
846,1.63136
847,1.80314
848,2.08246
849,2.04924
850,1.91427
851,1.922
852,2.18866
853,1.80232
854,2.08517
855,1.82103
856,2.38042
857,2.3744
858,2.20716
859,2.49923
860,1.922
861,2.41814
862,1.9349
863,2.05445
864,2.18286
865,2.18866
866,2.03242
867,1.99022
868,1.91857
869,1.98138
870,2.06496
871,2.04924
872,2.19967
873,2.03242
874,2.07039
875,1.98089
876,2.01707
877,1.69817
878,1.82103
879,1.848
880,2.60039
881,2.17932
882,1.98138
883,2.02748
884,2.21681
885,2.1008
886,2.04924
887,1.88085
888,2.17932
889,2.01886
890,1.70782
891,2.01707
892,1.88085
893,1.94486
894,2.10434
895,1.63136
896,2.02554
897,2.11548
898,1.93707
899,1.82103
900,1.88085
901,2.09192
902,2
903,1.81714
904,1.94486
905,2.10434
906,1.63136
907,2.02554
908,2.11548
909,1.86836
910,6.29462
911,1.22239
912,2.45943
913,1.58496
914,2.05445
915,2.07039
916,2.17932
917,1.93707
918,2.06496
919,2.04924
920,1.99022
921,2.16993
922,1.98089
923,2.01707
924,1.953
925,2.13578
926,1.82685
927,1.69817
928,2.22542
929,1.9349
930,2.05445
931,2.07039
932,2.01886
933,2.34169
934,2.16993
935,1.96047
936,2.38042
937,1.80735
938,2.24548
939,2.38042
940,2.3744
941,2.20716
942,1.70782
943,1.72348
944,2.1343
945,1.85688
946,1.99159
947,2.18442
948,1.72348
949,2.1343
950,1.85688
951,2.37346
952,1.8365
953,2.05585
954,2.46428
955,1.80735
956,2.29624
957,1.80735
958,2.19967
959,2.03242
960,2.15528
961,1.87447
962,2.49923
963,2.46949
964,2.20387
965,1.87447
966,2.49923
967,2.46949
968,1.7633
969,2.14136
970,2.46949
971,1.65368
972,1.8365
973,2.05585
974,2.04924
975,2.19401
976,2.08964
977,1.97924
978,2.07039
979,2.14136
980,2.04064
981,2.02748
982,2.02895
983,1.953
984,1.92427
985,1.79837
986,1.78932
987,2.02748
988,1.84609
989,1.68182
990,1.75077
991,7.55459
992,1.22239
993,2.45943
994,1.48543
995,1.85914
996,2.46949
997,1.7633
998,2.14136
999,1.922
1000,2.41814
1001,2.26748
1002,2.09686
1003,1.74655
1004,2.15528
1005,1.74655
1006,1.87774
1007,1.95174
1008,1.68182
1009,2.24176
1010,2.30433
1011,1.82103
1012,2.09954
1013,1.96605
1014,2
1015,1.94996
1016,1.68182
1017,1.75077
1018,2
1019,1.81714
1020,2.17932
1021,2.17932
1022,1.86836
1023,2.34042
1024,1.70782
1025,1.72348
1026,2.1343
1027,1.85688
1028,1.99159
1029,2.18442
1030,1.72348
1031,2.09954
1032,1.93289
1033,2.03395
1034,1.76356
1035,2.0983
1036,2.22542
1037,2.07039
1038,2.18641
1039,2.14296
1040,2.18866
1041,2.30189
1042,1.91427
1043,1.848
1044,2.02895
1045,1.953
1046,2.13578
1047,2.04924
1048,1.953
1049,1.92427
1050,2.27753
1051,2.10912
1052,2.26849
1053,2.46428
1054,2.31259
1055,1.974
1056,2.11221
1057,2.04924
1058,1.64508
1059,2.06871
1060,2.07039
1061,1.98138
1062,1.82103
1063,2.06848
1064,1.98138
1065,1.87774
1066,2.12553
1067,2.03242
1068,2.07039
1069,1.90689
1070,2.16993
1071,2.12553
1072,5.49185
1073,1.45943
1074,1.70044
1075,1.58496
1076,1.80735
1077,1.91427
1078,2.04064
1079,2.14296
1080,1.63227
1081,1.848
1082,1.7997
1083,2.25442
1084,2.02554
1085,1.91194
1086,1.82103
1087,1.88085
1088,1.88042
1089,1.95641
1090,2.27753
1091,2.02895
1092,1.953
1093,2.13578
1094,2.46428
1095,2.31259
1096,2.1964
1097,2.23563
1098,1.76356
1099,2.25442
1100,2.37346
1101,1.98089
1102,2.14684
1103,1.98138
1104,1.926
1105,2.0282
1106,2.21681
1107,2.06667
1108,1.85914
1109,1.848
1110,2.10912
1111,1.91857
1112,1.98138
1113,2
1114,1.86836
1115,1.974
1116,2.19967
1117,2.16993
1118,2.1375
1119,1.7633
1120,1.98089
1121,2.16146
1122,2.46877
1123,1.9542
1124,2.04924
1125,1.80735
1126,1.94996
1127,1.80735
1128,1.95744
1129,2.09192
1130,2
1131,1.81714
1132,2.26679
1133,1.85914
1134,1.848
1135,2.10912
1136,1.75256
1137,2.21681
1138,2.06667
1139,2.11548
1140,1.922
1141,2.11548
1142,2.34042
1143,1.70782
1144,2.14975
1145,2.11548
1146,2.27886
1147,2.32193
1148,2.06054
1149,1.9542
1150,2.23173
1151,2.38042
1152,1.80735
1153,7.19967
1154,3
1155,1.16993
1156,1.58496
1157,2.18866
1158,1.73361
1159,2.0199
1160,2.05585
1161,1.82685
1162,1.69817
1163,1.82103
1164,1.848
1165,1.82667
1166,2.08964
1167,1.97924
1168,1.87774
1169,1.96047
1170,2.06871
1171,2.07039
1172,2.01886
1173,2.34169
1174,2.16993
1175,1.90689
1176,1.922
1177,2.01937
1178,2.28293
1179,1.78319
1180,1.73118
1181,2.15687
1182,1.99022
1183,2.16993
1184,1.96047
1185,1.81214
1186,2.27886
1187,1.80735
1188,1.80735
1189,1.94996
1190,1.80735
1191,2.29624
1192,2.32193
1193,2.06054
1194,1.9542
1195,1.78427
1196,2.06871
1197,2.07039
1198,1.98138
1199,1.82103
1200,1.81214
1201,2.27886
1202,1.80735
1203,2.19967
1204,1.98935
1205,1.953
1206,2.1343
1207,2.16146
1208,2.24176
1209,2.1008
1210,2.04924
1211,2.10912
1212,2.20945
1213,1.81714
1214,1.77493
1215,1.9542
1216,2.04924
1217,1.91427
1218,1.922
1219,1.63227
1220,2.1343
1221,2.16146
1222,1.75077
1223,1.7997
1224,2.25442
1225,1.80314
1226,2.12553
1227,2.16993
1228,1.91511
1229,2.02895
1230,1.953
1231,2.13578
1232,1.89724
1233,1.75256
1234,5.42626
1235,1.87447
1236,2.22239
1237,2
1238,1.93289
1239,2.21681
1240,2.0282
1241,2.10434
1242,2.05585
1243,1.89724
1244,1.91857
1245,2.17932
1246,2.34042
1247,1.70782
1248,2.14975
1249,2.26748
1250,1.98138
1251,2.07039
1252,1.98089
1253,2.01707
1254,2.10912
1255,2.45457
1256,2.0983
1257,2.22542
1258,2.07039
1259,2.18641
1260,1.78932
1261,2.22542
1262,1.7633
1263,1.98089
1264,2.16146
1265,1.75256
1266,2.10434
1267,2.21632
1268,1.82103
1269,1.848
1270,1.82667
1271,2.37504
1272,1.95744
1273,2.05445
1274,1.96605
1275,2.11548
1276,2.16993
1277,2.08246
1278,2.00972
1279,1.86836
1280,1.86836
1281,1.93707
1282,2.22542
1283,2.03242
1284,2.11221
1285,2.10343
1286,1.79837
1287,1.78932
1288,2.22542
1289,2.8413
1290,1.96047
1291,1.88085
1292,2.09192
1293,2.60039
1294,1.77493
1295,2.18866
1296,2.03242
1297,1.87774
1298,2.12553
1299,1.98935
1300,1.953
1301,1.848
1302,1.7997
1303,1.92427
1304,2.27753
1305,2.02895
1306,1.88085
1307,1.77493
1308,2.23173
1309,2.06848
1310,2.09686
1311,2.11221
1312,2.10343
1313,2.152
1314,1.7633
1315,5.64386
1316,2
1317,1.48543
1318,1.41504
1319,1.88085
1320,1.88042
1321,1.85688
1322,1.99159
1323,1.98089
1324,2.01707
1325,2.10343
1326,1.79837
1327,2.14296
1328,2.18866
1329,1.73361
1330,2.0199
1331,1.63136
1332,1.80314
1333,1.96047
1334,2
1335,1.82667
1336,1.73118
1337,1.974
1338,1.64508
1339,1.87168
1340,2.23947
1341,2.15687
1342,1.91427
1343,1.922
1344,2.06667
1345,1.87774
1346,2.11221
1347,2.26849
1348,2.46428
1349,1.68182
1350,2.09366
1351,2.18286
1352,1.9542
1353,2.04924
1354,2.11221
1355,2.04924
1356,1.64508
1357,2
1358,2
1359,1.81714
1360,1.77493
1361,1.78427
1362,2
1363,1.7997
1364,2.0983
1365,2.22542
1366,1.87774
1367,1.95174
1368,1.68182
1369,2.24176
1370,2.30433
1371,2.22542
1372,2.11548
1373,2.27886
1374,1.80735
1375,1.64508
1376,2.21681
1377,1.95641
1378,2.27753
1379,1.84609
1380,2.40881
1381,1.68226
1382,1.953
1383,2.1343
1384,1.95641
1385,1.79837
1386,2.02748
1387,1.84609
1388,2.40881
1389,1.68226
1390,1.74655
1391,2.11221
1392,1.87774
1393,1.96047
1394,2
1395,1.7997
1396,4.21378
1397,2.08746
1398,1.48543
1399,3
1400,2.00972
1401,1.93707
1402,2
1403,1.86836
1404,1.78136
1405,1.93707
1406,1.926
1407,2.06667
1408,1.85914
1409,2.46949
1410,2.20387
1411,2.11548
1412,1.86836
1413,2.34042
1414,1.70782
1415,2.01707
1416,2.19401
1417,2.37504
1418,2.29624
1419,2.3744
1420,2.08517
1421,2.22542
1422,1.98935
1423,1.953
1424,1.848
1425,2.60039
1426,1.77493
1427,2.18866
1428,2.16993
1429,1.91511
1430,2.10912
1431,2.46877
1432,2.23173
1433,1.88085
1434,2.05445
1435,2.07039
1436,2.01886
1437,2.34169
1438,2.16993
1439,1.96047
1440,2.38042
1441,1.80735
1442,2.11221
1443,2.13171
1444,2.06054
1445,2.06667
1446,2.11548
1447,1.922
1448,2.32193
1449,2.1247
1450,2.06178
1451,1.94486
1452,1.91511
1453,1.84609
1454,2.40881
1455,2.52356
1456,1.91511
1457,1.84609
1458,2.40881
1459,1.68226
1460,2.28421
1461,1.73361
1462,2.0199
1463,2.25939
1464,2.152
1465,2.8413
1466,1.96047
1467,2.21681
1468,2.1008
1469,1.82685
1470,1.69817
1471,1.82103
1472,1.848
1473,1.82667
1474,1.94877
1475,1.75077
1476,1.7997
1477,4.21378
1478,2.08746
1479,3.16993
1480,2.58496
1481,2.09954
1482,1.96605
1483,2.19794
1484,2.14975
1485,2.11548
1486,1.90689
1487,1.90689
1488,2.27886
1489,1.80735
1490,2.49923
1491,2.14975
1492,2.26748
1493,2.09686
1494,1.95174
1495,1.68182
1496,2.09366
1497,2.07039
1498,1.98138
1499,2.20353
1500,2.10236
1501,1.94877
1502,2.24176
1503,2.30433
1504,1.82103
1505,2.1343
1506,2.1008
1507,1.89724
1508,2.46877
1509,1.9542
1510,2.04924
1511,2.49923
1512,2.14975
1513,2.40498
1514,2.11221
1515,2.00972
1516,2.20716
1517,2.49923
1518,1.848
1519,2.10912
1520,2.1836
1521,1.99159
1522,1.90689
1523,2.16993
1524,1.90689
1525,2.16993
1526,1.90689
1527,1.922
1528,1.87447
1529,1.70782
1530,2.01707
1531,2.1836
1532,1.80314
1533,2.12553
1534,2.03242
1535,2.15528
1536,1.91194
1537,2.06496
1538,2.04924
1539,2.11221
1540,2.13171
1541,2.23563
1542,2.10236
1543,2.37504
1544,1.86014
1545,2.27886
1546,1.80735
1547,1.99022
1548,1.922
1549,1.8365
1550,2.05585
1551,1.89724
1552,2.06667
1553,1.85914
1554,2.04064
1555,2.02748
1556,2.10912
1557,1.75256
1558,5.42626
1559,1.87447
1560,1.87447
1561,1.58496
1562,1.78136
1563,2.20716
1564,1.70782
1565,2.29177
1566,2.15528
1567,2.28421
1568,1.73361
1569,1.8679
1570,1.93707
1571,2.16581
1572,2.16146
1573,2.09366
1574,1.93289
1575,1.87168
1576,2.1247
1577,1.95744
1578,2.05445
1579,1.70895
1580,2.29624
1581,2.32193
1582,1.8679
1583,1.86836
1584,2.1964
1585,2.23563
1586,1.76356
1587,2.13578
1588,1.82685
1589,2.1836
1590,1.80314
1591,1.96047
1592,1.81214
1593,1.84276
1594,1.98138
1595,2.07039
1596,1.98089
1597,1.94996
1598,2.40881
1599,1.68226
1600,2.28421
1601,1.85244
1602,1.80735
1603,1.99022
1604,1.922
1605,2.11548
1606,1.93707
1607,2.06496
1608,2.00972
1609,1.86836
1610,1.86836
1611,1.93707
1612,1.82103
1613,1.88085
1614,1.88042
1615,1.85688
1616,2.02554
1617,1.87447
1618,2.49923
1619,2.04064
1620,2.02748
1621,2.02895
1622,1.88085
1623,1.94486
1624,1.87168
1625,2.1247
1626,1.86014
1627,2.27886
1628,1.80735
1629,2.24548
1630,1.88085
1631,2.05445
1632,2.23947
1633,1.974
1634,2.24548
1635,2.06848
1636,1.98138
1637,2.15528
1638,2.25298
1639,6.24793
1640,1.87447
1641,2.45943
1642,2.16993
1643,1.79837
1644,1.78932
1645,2.02748
1646,1.84609
1647,1.68182
1648,2.16581
1649,2.16146
1650,1.75077
1651,1.82667
1652,1.73118
1653,2.1964
1654,1.8679
1655,1.86836
1656,1.974
1657,2.11221
1658,2.00972
1659,1.86836
1660,2.34042
1661,2.34169
1662,1.922
1663,1.8365
1664,2.25939
1665,2.152
1666,2.8413
1667,2.08246
1668,2.13171
1669,2.0199
1670,2.05585
1671,2.04924
1672,1.953
1673,2.25442
1674,2.02554
1675,1.91194
1676,2.06496
1677,2.04924
1678,2.11221
1679,2.00972
1680,1.86836
1681,2.04669
1682,2.20353
1683,2.10236
1684,2.08964
1685,1.68226
1686,1.953
1687,2.1343
1688,2.16146
1689,1.75077
1690,2.60039
1691,1.77493
1692,2.23173
1693,1.88085
1694,1.88042
1695,2.30433
1696,2.22542
1697,2.26748
1698,2.09686
1699,2.11221
1700,1.953
1701,2.13578
1702,1.82685
1703,2.1836
1704,2.02554
1705,1.87447
1706,1.70782
1707,2.01707
1708,2.10343
1709,2.152
1710,2.20387
1711,2.25298
1712,2
1713,2.1247
1714,1.86014
1715,1.84276
1716,2.09686
1717,1.953
1718,2.09954
1719,1.93289
1720,5.42626
1721,1.87447
1722,3
1723,1
1724,1.94996
1725,1.80735
1726,1.95744
1727,1.88042
1728,1.95641
1729,1.92961
1730,2.06667
1731,1.87774
1732,2.11221
1733,2.1836
1734,1.99159
1735,1.98089
1736,1.94996
1737,1.68182
1738,1.75077
1739,1.7997
1740,2.0983
1741,2.22542
1742,1.9349
1743,1.88042
1744,2.30433
1745,1.82103
1746,2.1343
1747,1.70895
1748,2.06178
1749,1.98138
1750,2.07039
1751,1.90689
1752,2.16993
1753,2.14136
1754,2.46949
1755,2.20387
1756,1.87447
1757,1.70782
1758,2.14975
1759,1.73361
1760,2.23563
1761,2.0199
1762,1.94486
1763,1.87168
1764,2.1247
1765,2.06178
1766,1.98138
1767,2.15528
1768,2.11548
1769,1.93707
1770,2.06496
1771,2.04924
1772,1.64508
1773,1.87168
1774,2.16146
1775,2.16581
1776,2.23947
1777,1.97924
1778,2.07039
1779,1.90689
1780,2.16993
1781,2.14136
1782,2.46949
1783,2.20387
1784,2.25298
1785,2.20353
1786,2.10236
1787,1.73118
1788,1.974
1789,1.64508
1790,1.87168
1791,2.23947
1792,2.10852
1793,1.99022
1794,2.06667
1795,1.85914
1796,1.922
1797,2.41814
1798,2.11548
1799,1.90689
1800,2.27886
1801,5.54432
1802,1.73697
1803,2
1804,3.16993
1805,2.06178
1806,1.94486
1807,1.91511
1808,2.10912
1809,2.10343
1810,1.79837
1811,2.22542
1812,2.20387
1813,1.87447
1814,2.49923
1815,1.922
1816,1.63227
1817,2.09954
1818,2.07039
1819,1.98138
1820,2
1821,1.93707
1822,2.16581
1823,2.16146
1824,2.24176
1825,1.95641
1826,2.27753
1827,2.10912
1828,1.69817
1829,1.88662
1830,1.80232
1831,1.86836
1832,1.86836
1833,1.93707
1834,1.82103
1835,1.81214
1836,1.90689
1837,2.27886
1838,2.3744
1839,1.86836
1840,2.04669
1841,2.03847
1842,2.25939
1843,2.152
1844,2.20387
1845,1.87447
1846,1.70782
1847,2.14975
1848,2.11548
1849,1.84276
1850,2.09686
1851,1.953
1852,2.1343
1853,2.1008
1854,1.89724
1855,2.46877
1856,1.78427
1857,2.06871
1858,1.93289
1859,2.21681
1860,2.06667
1861,2
1862,2.01707
1863,1.69817
1864,1.82103
1865,1.848
1866,2
1867,1.81714
1868,1.77493
1869,1.9542
1870,2.13171
1871,2.0199
1872,2.25939
1873,2.152
1874,2.20387
1875,1.87447
1876,1.70782
1877,1.72348
1878,1.848
1879,1.7997
1880,2.13578
1881,1.82685
1882,5.72792
1883,2.08746
1884,2.70044
1885,1.73697
1886,2.06054
1887,2.14684
1888,2.17932
1889,2.34042
1890,1.70782
1891,2.14975
1892,1.73361
1893,2.0199
1894,2.05585
1895,1.82685
1896,1.69817
1897,2.22542
1898,2.26748
1899,1.98138
1900,2.07039
1901,2.32193
1902,2.1247
1903,2.06178
1904,1.98138
1905,2.07039
1906,1.8365
1907,1.63136
1908,1.80314
1909,1.96047
1910,1.88085
1911,2.05445
1912,1.93289
1913,2.21681
1914,2.06667
1915,1.85914
1916,1.848
1917,2.10912
1918,1.91857
1919,1.98138
1920,2.02748
1921,2.21681
1922,2.30433
1923,1.88662
1924,1.80232
1925,1.86836
1926,2.34042
1927,1.70782
1928,2.14975
1929,1.73361
1930,2.0199
1931,2.25939
1932,1.79837
1933,1.78932
1934,2.14296
1935,2.06667
1936,2.07039
1937,2.1375
1938,1.7633
1939,2.14136
1940,2.04064
1941,2.02748
1942,2.10912
1943,1.75256
1944,2.10434
1945,1.63136
1946,2.02554
1947,1.87447
1948,1.70782
1949,2.01707
1950,2.10343
1951,1.79837
1952,2.02748
1953,2.02895
1954,1.88085
1955,1.77493
1956,1.78427
1957,2.06871
1958,1.96605
1959,2
1960,1.94996
1961,2.31259
1962,2.1964
1963,6.18982
1964,1.87447
1965,2.45943
1966,2.80735
1967,2.03395
1968,2.28293
1969,2.45457
1970,2.13578
1971,1.82685
1972,1.69817
1973,1.88662
1974,1.73361
1975,2.06054
1976,2.06667
1977,2.11548
1978,1.922
1979,2.01937
1980,1.76356
1981,1.92427
1982,1.92961
1983,2.41814
1984,2.11548
1985,2.15687
1986,1.88042
1987,1.95641
1988,1.92961
1989,1.63227
1990,2.1343
1991,2.30433
1992,1.88662
1993,2.40498
1994,2.11221
1995,2.04924
1996,2.11221
1997,2.04924
1998,1.99022
1999,1.922
2000,2.32193
2001,2.1247
2002,2.29624
2003,1.80735
2004,2.19967
2005,2.03242
2006,2.07039
2007,2.18442
2008,1.72348
2009,2.09954
2010,1.96605
2011,1.85914
2012,2.04064
2013,2.22542
2014,1.65368
2015,2.01937
2016,2.0199
2017,2.17932
2018,2.01886
2019,1.70782
2020,2.01707
2021,1.69817
2022,1.82103
2023,2.1343
2024,2.23947
2025,1.78136
2026,1.93707
2027,1.926
2028,1.9542
2029,1.78427
2030,2.21681
2031,2.30433
2032,1.82103
2033,2.1343
2034,2.30433
2035,2.22542
2036,2.15528
2037,1.74655
2038,1.87774
2039,2.11221
2040,2.26849
2041,1.82685
2042,2.1836
2043,2.37346
2044,7.22882
2045,1.87447
2046,2.22239
2047,2.58496
2048,2.1008
2049,1.89724
2050,2.06667
2051,2
2052,2.01707
2053,2.19401
2054,1.73118
2055,2.1964
2056,1.8679
2057,2.29462
2058,1.68226
2059,1.74655
2060,2.11221
2061,1.87774
2062,2.08246
2063,2.00972
2064,2.08517
2065,2.02748
2066,2
2067,2.60039
2068,1.94486
2069,2.10434
2070,2.21632
2071,1.82103
2072,2.1343
2073,1.95641
2074,2.152
2075,1.7633
2076,2.18442
2077,2.14975
2078,1.85244
2079,1.80735
2080,2.24548
2081,1.81214
2082,2.27886
2083,1.80735
2084,1.64508
2085,1.87168
2086,1.70895
2087,2.29624
2088,2.3744
2089,1.93707
2090,1.926
2091,2.14684
2092,2.01886
2093,2.49923
2094,2.46949
2095,1.65368
2096,2.01937
2097,2.28293
2098,1.81714
2099,2.17932
2100,1.98138
2101,1.926
2102,1.9542
2103,1.9542
2104,2.13171
2105,2.06054
2106,2.14684
2107,1.98138
2108,1.926
2109,2.14684
2110,1.98138
2111,1.82103
2112,1.81214
2113,1.84276
2114,2.09686
2115,1.95174
2116,1.80735
2117,2.29624
2118,2.32193
2119,2.06054
2120,2.14684
2121,1.98138
2122,2.03847
2123,2.25939
2124,2.152
2125,6.01123
2126,3.32193
2127,1.22239
2128,1
2129,1.96047
2130,2.06871
2131,1.96605
2132,1.85914
2133,2.04064
2134,2.14296
2135,1.63227
2136,2.09954
2137,2.07039
2138,2.17932
2139,2.34042
2140,1.70782
2141,2.16146
2142,1.75256
2143,2.10434
2144,2.21632
2145,1.88662
2146,2.40498
2147,2.19967
2148,2.16993
2149,1.91511
2150,2.10912
2151,1.75256
2152,2.10434
2153,1.63136
2154,1.99159
2155,1.98089
2156,2.01707
2157,1.88085
2158,2.26679
2159,2.11548
2160,1.922
2161,1.91194
2162,2.22542
2163,1.98935
2164,2.28421
2165,1.85244
2166,2.32193
2167,2.23563
2168,1.76356
2169,2.0983
2170,1.82103
2171,1.848
2172,1.7997
2173,2.0983
2174,2.22542
2175,1.87774
2176,1.95174
2177,2.31259
2178,1.78136
2179,2.20716
2180,1.70782
2181,1.72348
2182,2.1343
2183,1.85688
2184,2.37346
2185,1.98089
2186,2.14684
2187,2.01886
2188,1.70782
2189,2.16146
2190,2.06667
2191,2
2192,2.01707
2193,2.19401
2194,1.73118
2195,1.78136
2196,2.08517
2197,1.82103
2198,1.88085
2199,2.05445
2200,1.93289
2201,2.10434
2202,2.21632
2203,2.22542
2204,2.15528
2205,1.953
2206,5.49185
2207,1.26303
2208,2.80735
2209,2.22239
2210,1.74655
2211,2.11221
2212,2.07039
2213,2.32193
2214,1.93707
2215,2.24176
2216,1.85688
2217,1.80314
2218,2.08246
2219,2.00972
2220,1.86836
2221,2.34042
2222,2.49923
2223,1.922
2224,2.06667
2225,1.87774
2226,1.99022
2227,1.91857
2228,2.17932
2229,2.34042
2230,1.70782
2231,2.14975
2232,1.9349
2233,1.88042
2234,2.1008
2235,1.82685
2236,1.69817
2237,1.82103
2238,2.1343
2239,1.85688
2240,1.99159
2241,2.14136
2242,2.04064
2243,2.14296
2244,2.18866
2245,2.30189
2246,2.49923
2247,2.14975
2248,1.80232
2249,2.20716
2250,2.34169
2251,1.922
2252,1.91194
2253,1.82103
2254,1.81214
2255,1.90689
2256,2.27886
2257,2.32193
2258,2.06054
2259,2.14684
2260,2.17932
2261,1.93707
2262,2.06496
2263,2.04924
2264,2.11221
2265,2.13171
2266,2.06054
2267,2.06667
2268,2.19794
2269,2.14975
2270,2.30189
2271,1.91427
2272,1.922
2273,1.63227
2274,2.1343
2275,2.23947
2276,1.68226
2277,2.28421
2278,1.73361
2279,2.06054
2280,2.06667
2281,1.85914
2282,2.46949
2283,1.7633
2284,1.90689
2285,1.922
2286,1.98089
2287,5.69116
2288,3.16993
2289,2.32193
2290,1
2291,2.01707
2292,1.69817
2293,2.22542
2294,2.11548
2295,2.15687
2296,1.88042
2297,1.95641
2298,2.27753
2299,2.10912
2300,2.1836
2301,2.02554
2302,1.91194
2303,2.06496
2304,2.00972
2305,1.86836
2306,1.86836
2307,1.93707
2308,1.82103
2309,1.88085
2310,2.05445
2311,2.07039
2312,1.98138
2313,2.22542
2314,2.03242
2315,1.95174
2316,1.68182
2317,2.16581
2318,2.23947
2319,1.974
2320,1.64508
2321,2
2322,2.60039
2323,1.94486
2324,2.03395
2325,1.76356
2326,1.92427
2327,2.152
2328,2.8413
2329,1.96047
2330,1.81214
2331,2.15687
2332,1.88042
2333,1.95641
2334,1.92961
2335,2.06667
2336,2.07039
2337,2.18641
2338,1.78932
2339,2.22542
2340,2.20387
2341,1.87447
2342,1.70782
2343,2.14975
2344,1.80232
2345,1.93707
2346,2.20353
2347,2.10236
2348,2.08964
2349,1.68226
2350,2.28421
2351,1.9349
2352,1.88042
2353,1.85688
2354,1.80314
2355,1.96047
2356,2.06848
2357,1.98138
2358,1.87774
2359,2.08246
2360,2.13171
2361,2.0199
2362,2.21632
2363,1.88662
2364,2.30189
2365,1.80735
2366,2.16146
2367,2.46877
2368,7.27612
2369,2.58496
2370,1.80735
2371,1.22239
2372,2.14684
2373,2.17932
2374,1.93707
2375,2.02748
2376,2
2377,1.82667
2378,2.08964
2379,2.52356
2380,1.95693
2381,2.41814
2382,1.85244
2383,2.3744
2384,2.20716
2385,1.70782
2386,2.14975
2387,2.26748
2388,1.94486
2389,1.95693
2390,2.06667
2391,2.15528
2392,2.28421
2393,2.40498
2394,2.24548
2395,1.88085
2396,1.88042
2397,2.30433
2398,2.22542
2399,1.87774
2400,2.11221
2401,2.10343
2402,1.92961
2403,2.06667
2404,1.87774
2405,1.95174
2406,1.80735
2407,1.95744
2408,2.05445
2409,2.23947
2410,2.1964
2411,2.0199
2412,2.25939
2413,1.79837
2414,2.14296
2415,2.18866
2416,2.30189
2417,1.80735
2418,1.94996
2419,1.68182
2420,2.16581
2421,1.70895
2422,2.06178
2423,1.94486
2424,2.18641
2425,1.78932
2426,2.14296
2427,2.18866
2428,1.73361
2429,2.23563
2430,2.28293
2431,1.78319
2432,1.94877
2433,1.75077
2434,1.7997
2435,2.0983
2436,1.88662
2437,1.73361
2438,1.8679
2439,1.86836
2440,2.15687
2441,2.49923
2442,2.14975
2443,2.11548
2444,1.84276
2445,2.09686
2446,1.95174
2447,2.40881
2448,2.10852
2449,6.19967
2450,2
2451,2.32193
2452,1
2453,1.96047
2454,2.06848
2455,2.09686
2456,2.28421
2457,1.85244
2458,1.80735
2459,1.64508
2460,2
2461,1.82667
2462,1.94877
2463,1.75077
2464,1.7997
2465,1.92427
2466,2.152
2467,1.7633
2468,1.90689
2469,1.922
2470,2.32193
2471,2.29462
2472,2.52356
2473,2.18641
2474,2.02748
2475,2.10912
2476,1.75256
2477,2.03395
2478,1.76356
2479,2.13578
2480,1.89724
2481,2.46877
2482,1.9542
2483,2.00972
2484,1.93707
2485,1.926
2486,2.14684
2487,1.98138
2488,1.82103
2489,1.81214
2490,1.90689
2491,1.84276
2492,2.09686
2493,1.74655
2494,1.87774
2495,2.11221
2496,2.10343
2497,1.92961
2498,2.41814
2499,2.26748
2500,2.09686
2501,2.11221
2502,2.19401
2503,1.73118
2504,2.15687
2505,2.49923
2506,1.72348
2507,2.1343
2508,2.23947
2509,2.10852
2510,2.11221
2511,1.88085
2512,1.77493
2513,1.9542
2514,2.04924
2515,1.91427
2516,1.922
2517,2.41814
2518,1.9349
2519,1.88042
2520,1.95641
2521,2.152
2522,1.65368
2523,2.01937
2524,2.0199
2525,2.17932
2526,1.98138
2527,2.02748
2528,2.21681
2529,1.95641
2530,7.32193
2531,2.32193
2532,1.16993
2533,2.16993
2534,2.10912
2535,1.69817
2536,2.22542
2537,1.87774
2538,2.11221
2539,2.19401
2540,1.73118
2541,1.78136
2542,1.86836
2543,1.86836
2544,2.04669
2545,2.03847
2546,1.63136
2547,2.02554
2548,1.91194
2549,2.06496
2550,2.00972
2551,1.93707
2552,2.20353
2553,2.10236
2554,1.94877
2555,1.75077
2556,1.82667
2557,2.08964
2558,1.68226
2559,1.74655
2560,2.07039
2561,1.95693
2562,2.18866
2563,1.73361
2564,1.8679
2565,1.93707
2566,1.75077
2567,1.7997
2568,2.25442
2569,1.80314
2570,1.96047
2571,1.81214
2572,2.27886
2573,2.3744
2574,2.08517
2575,2.02748
2576,1.87168
2577,2.23947
2578,2.52356
2579,1.95693
2580,1.63227
2581,1.848
2582,1.82667
2583,1.94877
2584,2.16581
2585,1.70895
2586,1.86014
2587,1.90689
2588,1.90689
2589,2.15687
2590,2.09192
2591,1.7997
2592,2.0983
2593,1.88662
2594,1.73361
2595,2.23563
2596,2.28293
2597,2.20945
2598,2.45457
2599,2.25442
2600,2.02554
2601,1.91194
2602,1.82103
2603,1.88085
2604,1.88042
2605,2.1008
2606,1.82685
2607,2.10343
2608,1.79837
2609,2.14296
2610,2.18866
2611,7.15987
2612,1.73697
2613,2
2614,1.48543
2615,2.11548
2616,1.922
2617,2.11548
2618,2.34042
2619,2.49923
2620,1.922
2621,1.63227
2622,2.1343
2623,1.70895
2624,2.29624
2625,1.80735
2626,2.49923
2627,1.72348
2628,2.09954
2629,1.96605
2630,2
2631,2.01707
2632,1.953
2633,2.13578
2634,2.46428
2635,2.31259
2636,2.1964
2637,1.8679
2638,1.86836
2639,2.15687
2640,1.80735
2641,1.94996
2642,1.68182
2643,2.09366
2644,2.07039
2645,1.98138
2646,2.22542
2647,1.98935
2648,1.74655
2649,1.87774
2650,1.99022
2651,2.06667
2652,1.85914
2653,2.04064
2654,1.78932
2655,2.02748
2656,2.10912
2657,1.69817
2658,1.82103
2659,2.09954
2660,2.07039
2661,1.98138
2662,1.926
2663,2.0282
2664,2.10434
2665,1.63136
2666,2.02554
2667,2.25298
2668,1.926
2669,2.06667
2670,2
2671,2.01707
2672,2.10912
2673,2.20945
2674,1.78319
2675,1.73118
2676,1.974
2677,2.19967
2678,2.16993
2679,2.1375
2680,2.8413
2681,2.12553
2682,2.03242
2683,1.87774
2684,1.96047
2685,1.88085
2686,1.88042
2687,2.30433
2688,2.22542
2689,1.87774
2690,2.11221
2691,1.953
2692,4.21378
2693,2.08746
2694,1.48543
2695,1.41504
2696,2.38042
2697,1.80735
2698,1.99022
2699,1.922
2700,1.98089
2701,2.0282
2702,1.87168
2703,1.86836
2704,1.78136
2705,2.08517
2706,2.02748
2707,2.21681
2708,1.95641
2709,1.79837
2710,1.78932
2711,1.78932
2712,1.78932
2713,2.14296
2714,1.63227
2715,2.1343
2716,2.16146
2717,2.24176
2718,2.30433
2719,1.82103
2720,1.848
2721,1.82667
2722,1.73118
2723,2.1964
2724,1.8679
2725,1.86836
2726,2.15687
2727,1.80735
2728,2.01707
2729,2.10912
2730,2.45457
2731,2.25442
2732,1.80314
2733,2.08246
2734,2.04924
2735,2.11221
2736,2.04924
2737,1.64508
2738,2.21681
2739,1.95641
2740,2.152
2741,1.7633
2742,2.18442
2743,1.72348
2744,2.1343
2745,1.70895
2746,1.95744
2747,2.05445
2748,2.07039
2749,1.98138
2750,1.82103
2751,1.88085
2752,2.05445
2753,2.16146
2754,1.75077
2755,1.7997
2756,2.0983
2757,1.82103
2758,2.1343
2759,1.85688
2760,2.02554
2761,1.91194
2762,2.06496
2763,2.04924
2764,2.49923
2765,1.72348
2766,1.848
2767,1.7997
2768,2.13578
2769,2.04924
2770,2.10912
2771,2.45457
2772,2.25442
2773,6.41785
2774,1.32193
2775,2
2776,1.58496
2777,2.15687
2778,1.91427
2779,1.922
2780,1.63227
2781,2.09954
2782,1.96605
2783,1.85914
2784,1.922
2785,1.63227
2786,2.09954
2787,2.07039
2788,2.17932
2789,2.34042
2790,2.49923
2791,2.04064
2792,1.78932
2793,2.22542
2794,1.65368
2795,1.8365
2796,2.21632
2797,1.82103
2798,1.848
2799,1.7997
2800,1.92427
2801,2.152
2802,1.7633
2803,1.98089
2804,1.94996
2805,1.80735
2806,1.95744
2807,2.09192
2808,1.82667
2809,2.08964
2810,1.68226
2811,1.74655
2812,2.15528
2813,1.953
2814,2.09954
2815,2.18286
2816,2.18866
2817,1.98935
2818,1.953
2819,2.09954
2820,1.96605
2821,2.11548
2822,2.16993
2823,2.14136
2824,1.922
2825,2.41814
2826,1.9349
2827,2.05445
2828,2.23947
2829,1.68226
2830,1.74655
2831,2.07039
2832,1.95693
2833,2.41814
2834,1.85244
2835,1.80735
2836,1.80735
2837,2.01707
2838,2.26849
2839,1.82685
2840,2.26849
2841,2.04924
2842,2.10912
2843,1.78319
2844,1.94877
2845,2.24176
2846,2.30433
2847,2.22542
2848,2.15528
2849,2.28421
2850,2.30189
2851,1.80735
2852,2.01707
2853,1.88085
2854,7.26679
2855,3.16993
2856,2.45943
2857,1.58496
2858,1.80735
2859,1.64508
2860,1.87168
2861,2.23947
2862,2.15687
2863,1.91427
2864,1.922
2865,2.06667
2866,2.07039
2867,1.95693
2868,1.63227
2869,2.1343
2870,1.70895
2871,1.95744
2872,2.05445
2873,2.07039
2874,1.98138
2875,2.20353
2876,2.0199
2877,1.94486
2878,2.03395
2879,2.28293
2880,1.81714
2881,2.26679
2882,1.85914
2883,1.848
2884,1.84609
2885,1.68182
2886,2.09366
2887,1.93289
2888,2.21681
2889,2.0282
2890,2.10434
2891,1.63136
2892,1.80314
2893,1.96047
2894,2.21681
2895,1.85688
2896,1.80314
2897,2.12553
2898,2.03242
2899,2.15528
2900,1.87447
2901,2.49923
2902,1.922
2903,1.63227
2904,2.1343
2905,2.16146
2906,2.09366
2907,2.07039
2908,1.98138
2909,1.926
2910,2.0282
2911,2.03395
2912,2.0199
2913,2.26679
2914,2.11548
2915,1.922
2916,2.32193
2917,2.29462
2918,2.52356
2919,2.18641
2920,1.78932
2921,1.78932
2922,1.78932
2923,1.78932
2924,1.78932
2925,2.22542
2926,2.8413
2927,2.08246
2928,2.04924
2929,1.80735
2930,1.94996
2931,1.68182
2932,2.09366
2933,1.96605
2934,1.85914
2935,5.58496
2936,2.32193
2937,1.16993
2938,1.58496
2939,2.18866
2940,2.40498
2941,1.64508
2942,2.21681
2943,2.1008
2944,1.89724
2945,2.46877
2946,1.78427
2947,2
2948,1.82667
2949,1.94877
2950,2.16581
2951,2.23947
2952,1.78136
2953,1.86836
2954,1.93707
2955,2.06496
2956,2.04924
2957,2.11221
2958,2.04924
2959,1.80735
2960,1.94996
2961,1.80735
2962,1.95744
2963,1.88042
2964,1.85688
2965,1.80314
2966,2.12553
2967,2.03242
2968,2.07039
2969,1.98089
2970,2.16146
2971,2.06667
2972,2
2973,2.16146
2974,2.06667
2975,2.19794
2976,2.14975
2977,1.80232
2978,1.93707
2979,2
2980,1.93707
2981,2.09366
2982,2.07039
2983,2.17932
2984,2.04669
2985,2
2986,2.1247
2987,2.29624
2988,2.3744
2989,2.08517
2990,1.82103
2991,2.38042
2992,1.80735
2993,2.19967
2994,1.98935
2995,2.28421
2996,1.80232
2997,1.86836
2998,1.86836
2999,2.04669
3000,2
3001,1.93707
3002,1.75077
3003,1.7997
3004,1.92427
3005,1.92961
3006,2.06667
3007,1.87774
3008,1.95174
3009,2.31259
3010,2.15687
3011,1.99022
3012,1.922
3013,1.98089
3014,1.9542
3015,1.9542
3016,5.21917
3017,1.73697
3018,2.45943
3019,3.80735
3020,1.95693
3021,2.41814
3022,1.85244
3023,1.80735
3024,1.99022
3025,2.16993
3026,1.90689
3027,2.16993
3028,2.14136
3029,1.848
3030,2.10912
3031,2.26849
3032,1.89724
3033,1.91857
3034,1.98138
3035,2.03847
3036,1.63136
3037,1.99159
3038,1.98089
3039,1.94996
3040,2.31259
3041,1.78136
3042,2.20716
3043,1.70782
3044,2.01707
3045,2.26849
3046,1.82685
3047,2.10343
3048,1.79837
3049,2.02748
3050,2.02895
3051,1.953
3052,2.0983
3053,2.22542
3054,1.87774
3055,1.99022
3056,1.75256
3057,1.87168
3058,1.93707
3059,2.16581
3060,2.16146
3061,2.09366
3062,1.93289
3063,2.21681
3064,1.9542
3065,1.78427
3066,2.21681
3067,1.95641
3068,2.152
3069,1.7633
3070,2.18442
3071,2.14975
3072,1.80232
3073,2.08517
3074,1.82103
3075,2.06848
3076,2.09686
3077,2.28421
3078,2.26748
3079,1.94486
3080,1.95693
3081,2.18866
3082,1.73361
3083,2.23563
3084,2.28293
3085,1.81714
3086,1.94486
3087,2.03395
3088,1.76356
3089,1.92427
3090,1.92961
3091,2.06667
3092,2.15528
3093,2.28421
3094,2.26748
3095,2.09686
3096,1.953
3097,5.49185
3098,1.26303
3099,1.80735
3100,2.32193
3101,1.94486
3102,2.1375
3103,2.20387
3104,1.91194
3105,2.22542
3106,2.03242
3107,2.07039
3108,1.98089
3109,2.16146
3110,2.46877
3111,2.18866
3112,2.16993
3113,1.95693
3114,2.06667
3115,2.07039
3116,2.1375
3117,1.65368
3118,2.01937
3119,2.28293
3120,1.81714
3121,1.94486
3122,1.87168
3123,1.93707
3124,2.24176
3125,2.1008
3126,1.89724
3127,1.75256
3128,1.87168
3129,2.29462
3130,2.10852
3131,1.99022
3132,2.06667
3133,1.85914
3134,2.04064
3135,2.22542
3136,1.65368
3137,1.98089
3138,1.9542
3139,2.23173
3140,1.88085
3141,2.09192
3142,1.82667
3143,1.73118
3144,1.78136
3145,2.20716
3146,1.70782
3147,2.01707
3148,2.10343
3149,1.92961
3150,2.06667
3151,2.11221
3152,1.87774
3153,1.96047
3154,1.87168
3155,2.23947
3156,2.1964
3157,1.8679
3158,2.29462
3159,2.10852
3160,1.99022
3161,1.75256
3162,2.10434
3163,2.25939
3164,2.27753
3165,2.10912
3166,2.46877
3167,1.9542
3168,2.13171
3169,1.8679
3170,1.93707
3171,2.16581
3172,1.70895
3173,2.06178
3174,1.98138
3175,2.15528
3176,1.87447
3177,1.70782
3178,6.40939
3179,2
3180,1
3181,2.45943
3182,2.34042
3183,1.70782
3184,1.94996
3185,1.80735
3186,1.95744
3187,2.05445
3188,1.96605
3189,2.11548
3190,1.922
3191,2.01937
3192,1.76356
3193,2.13578
3194,1.89724
3195,1.91857
3196,1.98138
3197,1.926
3198,2.14684
3199,1.98138
3200,2.06496
3201,2.00972
3202,2.08517
3203,2.02748
3204,2
3205,1.82667
3206,2.37504
3207,1.86014
3208,2.15687
3209,2.05445
3210,1.96605
3211,2.19794
3212,1.72348
3213,2.1343
3214,1.85688
3215,2.02554
3216,2.25298
3217,2
3218,2.1247
3219,2.29624
3220,1.80735
3221,2.19967
3222,1.98935
3223,1.953
3224,1.848
3225,1.82667
3226,1.94877
3227,2.24176
3228,1.85688
3229,1.80314
3230,2.12553
3231,1.98935
3232,2.28421
3233,2.26748
3234,1.98138
3235,1.87774
3236,2.12553
3237,2.03242
3238,2.15528
3239,1.91194
3240,1.82103
3241,1.81214
3242,2.15687
3243,1.88042
3244,2.30433
3245,1.88662
3246,1.80232
3247,2.20716
3248,1.70782
3249,1.72348
3250,1.848
3251,1.7997
3252,1.92427
3253,2.27753
3254,2.02895
3255,2.19401
3256,1.94877
3257,1.75077
3258,2
3259,6.20945
3260,1.22239
3261,1.87447
3262,1.58496
3263,2.24176
3264,2.1008
3265,2.04924
3266,2.19401
3267,2.08964
3268,1.68226
3269,1.953
3270,2.09954
3271,1.93289
3272,2.21681
3273,1.9542
3274,2.23173
3275,2.38042
3276,1.80735
3277,1.91427
3278,1.848
3279,2.10912
3280,1.69817
3281,1.88662
3282,2.30189
3283,1.99022
3284,2.16993
3285,1.96047
3286,2.06848
3287,2.09686
3288,1.74655
3289,2.07039
3290,1.91511
3291,2.02895
3292,2.19401
3293,2.37504
3294,1.86014
3295,1.90689
3296,1.90689
3297,1.90689
3298,1.84276
3299,1.98138
3300,2.07039
3301,2.32193
3302,1.86836
3303,2.15687
3304,1.91427
3305,1.848
3306,2.10912
3307,2.06667
3308,2
3309,2.01707
3310,1.953
3311,2.13578
3312,1.89724
3313,1.91857
3314,2.01886
3315,1.70782
3316,2.01707
3317,2.19401
3318,1.94877
3319,1.75077
3320,1.7997
3321,2.13578
3322,2.04924
3323,2.19401
3324,2.08964
3325,1.68226
3326,1.953
3327,2.1343
3328,2.23947
3329,1.78136
3330,1.86836
3331,1.86836
3332,2.34042
3333,1.70782
3334,2.14975
3335,2.11548
3336,1.84276
3337,1.98138
3338,2.07039
3339,2.32193
3340,5.70966
3341,2.45943
3342,1.41504
3343,2.22239
3344,2.23173
3345,1.81214
3346,2.27886
3347,2.3744
3348,2.20716
3349,2.49923
3350,1.848
3351,2.02895
3352,2.19401
3353,2.37504
3354,2.06178
3355,2.09686
3356,1.99022
3357,1.75256
3358,2.21681
3359,2.06667
3360,2.11548
3361,1.922
3362,2.11548
3363,1.86836
3364,2.04669
3365,1.926
3366,2.0282
3367,1.87168
3368,1.86836
3369,1.974
3370,2.11221
3371,2.00972
3372,2.20716
3373,1.70782
3374,2.16146
3375,2.46877
3376,2.18866
3377,2.16993
3378,2.1375
3379,1.65368
3380,1.98089
3381,2.14684
3382,2.01886
3383,1.70782
3384,1.72348
3385,1.848
3386,2.60039
3387,1.77493
3388,1.9542
3389,2.00972
3390,1.93707
3391,1.926
3392,2.14684
3393,1.98138
3394,2.02748
3395,2.06871
3396,1.96605
3397,2
3398,2.01707
3399,2.26849
3400,1.89724
3401,1.75256
3402,2.03395
3403,1.76356
3404,2.13578
3405,2.04924
3406,1.88085
3407,1.77493
3408,1.9542
3409,2.00972
3410,2.20716
3411,2.34169
3412,2.16993
3413,1.96047
3414,2
3415,1.82667
3416,2.08964
3417,1.97924
3418,1.87774
3419,1.96047
3420,1.87168
3421,4.82443
3422,1.1375
3423,1.70044
3424,1.80735
3425,2.07039
3426,1.8365
3427,1.63136
3428,1.99159
3429,1.98089
3430,2.16146
3431,1.75256
3432,2.21681
3433,2.0282
3434,2.21681
3435,2.14684
3436,2.01886
3437,1.70782
3438,2.29177
3439,1.87774
3440,1.95174
3441,1.80735
3442,1.95744
3443,2.09192
3444,1.82667
3445,2.37504
3446,1.95744
3447,2.05445
3448,2.23947
3449,1.78136
3450,1.93707
3451,1.926
3452,2.14684
3453,2.01886
3454,1.70782
3455,2.14975
3456,1.73361
3457,2.06054
3458,2.14684
3459,1.98138
3460,2.22542
3461,2.03242
3462,2.11221
3463,1.69817
3464,1.82103
3465,2.1343
3466,1.85688
3467,2.37346
3468,1.8365
3469,2.21632
3470,2.22542
3471,2.07039
3472,2.18641
3473,2.22542
3474,1.65368
3475,1.8365
3476,1.63136
3477,2.02554
3478,1.87447
3479,1.70782
3480,2.14975
3481,1.9349
3482,2.05445
3483,2.23947
3484,1.68226
3485,1.74655
3486,2.07039
3487,2.18641
3488,2.02748
3489,2.10912
3490,2.1836
3491,2.37346
3492,1.8365
3493,2.05585
3494,2.04924
3495,2.19401
3496,1.73118
3497,2.15687
3498,1.80735
3499,1.94996
3500,1.80735
3501,1.86014
3502,6.36632
3503,2.80735
3504,2.70044
3505,1.73697
3506,2.06054
3507,2.0282
3508,1.87168
3509,1.86836
3510,2.15687
3511,1.91427
3512,1.848
3513,2.10912
3514,2.46877
3515,2.18866
3516,2.16993
3517,1.95693
3518,2.06667
3519,2.07039
3520,1.91511
3521,2.02895
3522,2.10912
3523,1.81714
3524,1.77493
3525,1.9542
3526,2.04924
3527,2.49923
3528,2.29177
3529,1.87774
3530,1.95174
3531,2.31259
3532,2.15687
3533,1.99022
3534,1.922
3535,1.98089
3536,2.06667
3537,2.11548
3538,1.922
3539,2.32193
3540,1.86836
3541,2.15687
3542,1.80735
3543,1.94996
3544,2.40881
3545,2.52356
3546,2.1375
3547,1.7633
3548,2.18442
3549,2.14975
3550,1.73361
3551,2.0199
3552,1.63136
3553,2.37346
3554,1.8365
3555,1.63136
3556,2.02554
3557,2.25298
3558,2.20353
3559,1.76356
3560,2.0983
3561,2.22542
3562,2.11548
3563,2.27886
3564,1.80735
3565,2.19967
3566,2.16993
3567,1.91511
3568,2.10912
3569,2.06667
3570,2.11548
3571,1.922
3572,1.98089
3573,1.9542
3574,1.78427
3575,1.87168
3576,2.16146
3577,2.24176
3578,1.95641
3579,1.92961
3580,2.06667
3581,2.07039
3582,1.95693
3583,5.69116
3584,2.11548
3585,2.70044
3586,2.32193
3587,1.93707
3588,2.03847
3589,2.05585
3590,1.89724
3591,1.91857
3592,2.17932
3593,1.93707
3594,1.82103
3595,1.81214
3596,2.15687
3597,1.88042
3598,2.1008
3599,1.82685
3600,2.10343
3601,1.92961
3602,2.18866
3603,1.73361
3604,2.0199
3605,2.21632
3606,2.22542
3607,1.9349
3608,2.09192
3609,1.82667
3610,1.73118
3611,1.974
3612,2.19967
3613,2.16993
3614,2.1375
3615,2.20387
3616,1.91194
3617,2.06496
3618,2.04924
3619,2.19967
3620,2.03242
3621,2.07039
3622,1.8365
3623,1.63136
3624,2.37346
3625,2.01937
3626,2.28293
3627,1.78319
3628,2.37504
3629,1.95744
3630,2.09192
3631,1.7997
3632,2.25442
3633,1.99159
3634,2.14136
3635,2.46949
3636,1.7633
3637,2.14136
3638,1.848
3639,1.84609
3640,2.40881
3641,1.68226
3642,2.28421
3643,1.80232
3644,2.20716
3645,1.70782
3646,2.14975
3647,2.11548
3648,2.27886
3649,2.32193
3650,2.0199
3651,2.05585
3652,2.04924
3653,2.10912
3654,1.78319
3655,1.94877
3656,2.16581
3657,2.16146
3658,2.09366
3659,2.07039
3660,2.01886
3661,2.49923
3662,1.848
3663,2.10912
3664,7.27612
3665,2.16993
3666,2.58496
3667,1.58496
3668,2.37346
3669,1.8365
3670,1.63136
3671,1.99159
3672,2.14136
3673,2.46949
3674,1.7633
3675,1.98089
3676,2.01707
3677,2.19401
3678,2.08964
3679,2.52356
3680,2.18641
3681,2.22542
3682,1.7633
3683,1.90689
3684,2.16993
3685,1.98089
3686,2.16146
3687,2.06667
3688,2.19794
3689,2.14975
3690,1.80232
3691,1.93707
3692,1.926
3693,1.9542
3694,1.78427
3695,2.21681
3696,2.1008
3697,2.46428
3698,2.40881
3699,2.10852
3700,1.99022
3701,1.91857
3702,2.01886
3703,2.49923
3704,1.848
3705,2.02895
3706,2.19401
3707,1.73118
3708,2.15687
3709,1.80735
3710,2.01707
3711,2.10343
3712,1.92961
3713,1.63227
3714,2.1343
3715,2.23947
3716,2.10852
3717,1.99022
3718,2.06667
3719,2
3720,2.01707
3721,2.10343
3722,2.27753
3723,2.10912
3724,1.91857
3725,2.17932
3726,2.04669
3727,2
3728,1.93707
3729,1.75077
3730,1.82667
3731,2.08964
3732,1.97924
3733,2.07039
3734,2.18442
3735,1.72348
3736,2.1343
3737,1.85688
3738,1.99159
3739,1.90689
3740,2.16993
3741,2.08246
3742,2.00972
3743,2.08517
3744,2.06496
3745,5.21917
3746,1.73697
3747,1.45943
3748,2
3749,1.93289
3750,2.10434
3751,1.63136
3752,1.99159
3753,2.14136
3754,1.922
3755,1.63227
3756,2.09954
3757,2.07039
3758,1.98138
3759,2.22542
3760,2.16993
3761,2.1375
3762,2.20387
3763,2.11548
3764,2.34042
3765,1.70782
3766,2.14975
3767,1.85244
3768,1.80735
3769,2.49923
3770,1.72348
3771,2.09954
3772,2.18286
3773,1.9542
3774,2.13171
3775,1.8679
3776,1.93707
3777,2.16581
3778,2.23947
3779,1.974
3780,1.64508
3781,2.06871
3782,2.07039
3783,1.98138
3784,2.20353
3785,2.10236
3786,2.37504
3787,1.86014
3788,1.84276
3789,1.98138
3790,1.87774
3791,1.96047
3792,2
3793,2
3794,2.45457
3795,1.92427
3796,1.92961
3797,2.18866
3798,2.40498
3799,2.11221
3800,2.04924
3801,1.80735
3802,2.16146
3803,1.75256
3804,2.10434
3805,2.05585
3806,1.82685
3807,2.1836
3808,1.80314
3809,2.12553
3810,2.03242
3811,2.11221
3812,2.10343
3813,2.27753
3814,2.10912
3815,2.06667
3816,2.19794
3817,1.72348
3818,2.09954
3819,2.07039
3820,2.01886
3821,2.34169
3822,1.922
3823,1.8365
3824,1.63136
3825,1.99159
3826,5.64386
3827,2
3828,1.32193
3829,2.22239
3830,2.18866
3831,1.98935
3832,2.28421
3833,1.85244
3834,2.32193
3835,2.23563
3836,2.0199
3837,2.17932
3838,2.01886
3839,1.70782
3840,2.01707
3841,2.10343
3842,1.92961
3843,2.41814
3844,1.9349
3845,2.05445
3846,1.70895
3847,2.29624
3848,1.80735
3849,1.99022
3850,1.922
3851,1.91194
3852,1.82103
3853,2.38042
3854,1.80735
3855,2.24548
3856,2.38042
3857,2.32193
3858,2.0199
3859,1.63136
3860,1.99159
3861,2.14136
3862,1.922
3863,1.63227
3864,2.1343
3865,1.95641
3866,2.27753
3867,2.02895
3868,2.10912
3869,1.78319
3870,2.37504
3871,1.95744
3872,2.09192
3873,1.7997
3874,2.0983
3875,1.82103
3876,1.848
3877,1.82667
3878,1.73118
3879,1.78136
3880,2.20716
3881,2.34169
3882,2.16993
3883,1.96047
3884,2.06871
3885,2.18286
3886,2.23173
3887,1.81214
3888,1.90689
3889,1.84276
3890,2.09686
3891,1.95174
3892,1.68182
3893,2.24176
3894,2.1008
3895,2.46428
3896,2.31259
3897,2.15687
3898,1.91427
3899,1.922
3900,2.18866
3901,1.80232
3902,2.08517
3903,1.82103
3904,2.06848
3905,1.94486
3906,2.18641
3907,6.31288
3908,2.32193
3909,3.70044
3910,2
3911,1.96605
3912,1.85914
3913,1.848
3914,2.10912
3915,2.1836
3916,2.37346
3917,1.98089
3918,1.9542
3919,2.23173
3920,2.38042
3921,1.80735
3922,2.24548
3923,2.06848
3924,1.94486
3925,2.1375
3926,1.65368
3927,1.8365
3928,1.63136
3929,1.99159
3930,1.90689
3931,1.922
3932,1.91194
3933,1.82103
3934,1.81214
3935,2.27886
3936,2.32193
3937,2.23563
3938,2.0199
3939,2.17932
3940,1.98138
3941,2.20353
3942,2.10236
3943,2.37504
3944,1.86014
3945,1.90689
3946,1.90689
3947,2.15687
3948,2.05445
3949,1.70895
3950,2.06178
3951,1.94486
3952,2.18641
3953,2.02748
3954,2.10912
3955,1.69817
3956,1.82103
3957,2.09954
3958,2.18286
3959,1.9542
3960,2.00972
3961,2.08517
3962,2.22542
3963,1.98935
3964,1.953
3965,2.1343
3966,1.70895
3967,1.95744
3968,2.09192
3969,2
3970,2.20945
3971,2.20945
3972,1.81714
3973,2.26679
3974,2.19794
3975,1.72348
3976,2.09954
3977,1.93289
3978,1.87168
3979,1.86836
3980,1.974
3981,2.24548
3982,2.06848
3983,1.94486
3984,1.91511
3985,2.02895
3986,2.10912
3987,2.45457
3988,4.21378
3989,2.5025
3990,1.32193
3991,1.48543
3992,2.11548
3993,2.16993
3994,2.08246
3995,2.04924
3996,2.49923
3997,1.72348
3998,2.1343
3999,2.1008
4000,2.04924
4001,1.953
4002,1.92427
4003,2.152
4004,1.65368
4005,2.32193
4006,1.86836
4007,2.15687
4008,1.80735
4009,2.16146
4010,2.46877
4011,1.78427
4012,1.87168
4013,2.23947
4014,1.68226
4015,2.28421
4016,1.73361
4017,2.23563
4018,1.76356
4019,2.13578
4020,2.04924
4021,1.88085
4022,1.94486
4023,2.21681
4024,1.9542
4025,2.18866
4026,2.03242
4027,2.15528
4028,2.11548
4029,1.86836
4030,1.86836
4031,2.04669
4032,2.03847
4033,1.63136
4034,2.02554
4035,1.91194
4036,2.06496
4037,2.13171
4038,2.0199
4039,2.05585
4040,2.46428
4041,1.80735
4042,1.86014
4043,1.84276
4044,1.98138
4045,2.07039
4046,1.90689
4047,1.922
4048,2.25298
4049,2
4050,1.86836
4051,2.1964
4052,2.0199
4053,1.63136
4054,1.99159
4055,1.98089
4056,1.94996
4057,1.80735
4058,2.29624
4059,1.80735
4060,1.91427
4061,1.848
4062,1.84609
4063,1.80735
4064,2.06178
4065,2.09686
4066,1.953
4067,2.1343
4068,2.23947
4069,6.10852
4070,1.45943
4071,1.80735
4072,2.45943
4073,1.86836
4074,2.04669
4075,1.926
4076,2.06667
4077,2
4078,2.01707
4079,1.88085
4080,1.94486
4081,2.21681
4082,2.06667
4083,2.11548
4084,2.16993
4085,2.14136
4086,1.848
4087,1.84609
4088,1.80735
4089,1.95744
4090,2.05445
4091,1.96605
4092,1.85914
4093,1.848
4094,2.10912
4095,2.06667
4096,1.85914
4097,2.04064
4098,2.14296
4099,2.06667
4100,2.15528
4101,2.28421
4102,1.85244
4103,1.80735
4104,1.91427
4105,2.04064
4106,2.14296
4107,2.41814
4108,1.85244
4109,1.80735
4110,2.19967
4111,1.98935
4112,2.28421
4113,2.40498
4114,2.19967
4115,2.16993
4116,2.1375
4117,1.7633
4118,1.98089
4119,2.01707
4120,1.88085
4121,1.94486
4122,2.21681
4123,2.0282
4124,2.03395
4125,2.0199
4126,1.94486
4127,1.87168
4128,2.1247
4129,1.86014
4130,2.15687
4131,2.09192
4132,2.60039
4133,2.26679
4134,2.19794
4135,2.29177
4136,2.11221
4137,2.07039
4138,2.18442
4139,2.29177
4140,2.07039
4141,2.18641
4142,1.78932
4143,2.22542
4144,1.65368
4145,2.32193
4146,2.1247
4147,2.29624
4148,1.80735
4149,2.11221
4150,5.21917
4151,1.73697
4152,2
4153,1.58496
4154,2.16581
4155,1.70895
4156,1.86014
4157,1.84276
4158,2.09686
4159,1.99022
4160,2.06667
4161,2
4162,1.94996
4163,1.80735
4164,2.06178
4165,1.94486
4166,1.91511
4167,1.84609
4168,1.68182
4169,2.24176
4170,1.85688
4171,1.80314
4172,1.96047
4173,2
4174,1.82667
4175,2.37504
4176,1.86014
4177,1.90689
4178,1.84276
4179,2.09686
4180,1.99022
4181,2.06667
4182,2
4183,2.01707
4184,2.10343
4185,2.27753
4186,1.84609
4187,2.40881
4188,1.97924
4189,2.07039
4190,2.18442
4191,1.72348
4192,2.1343
4193,2.16146
4194,2.16581
4195,1.70895
4196,1.86014
4197,2.15687
4198,2.05445
4199,2.23947
4200,2.10852
4201,1.95174
4202,1.80735
4203,2.06178
4204,2.09686
4205,2.28421
4206,1.80232
4207,2.08517
4208,2.02748
4209,1.87168
4210,2.16146
4211,1.75077
4212,1.7997
4213,1.92427
4214,2.27753
4215,1.84609
4216,1.68182
4217,1.75077
4218,2
4219,1.78319
4220,1.94877
4221,1.75077
4222,2
4223,2.20945
4224,1.78319
4225,2.37504
4226,1.86014
4227,2.15687
4228,2.05445
4229,2.23947
4230,1.974
4231,7.19967
4232,2.58496
4233,3.16993
4234,3.16993
4235,1.65368
4236,1.98089
4237,2.14684
4238,1.98138
4239,2.03847
4240,1.63136
4241,2.37346
4242,2.01937
4243,2.0199
4244,2.26679
4245,2
4246,2.01707
4247,2.1836
4248,2.02554
4249,2.25298
4250,2.20353
4251,2.0199
4252,2.17932
4253,1.98138
4254,2
4255,1.93707
4256,2.16581
4257,2.23947
4258,1.68226
4259,2.28421
4260,2.11548
4261,2.27886
4262,2.3744
4263,2.20716
4264,1.70782
4265,2.29177
4266,1.87774
4267,2.11221
4268,1.953
4269,2.13578
4270,2.04924
4271,2.10912
4272,1.81714
4273,2.17932
4274,2.17932
4275,1.93707
4276,2.06496
4277,2.13171
4278,2.06054
4279,2.06667
4280,2
4281,2.01707
4282,2.10912
4283,2.45457
4284,2.25442
4285,2.02554
4286,1.91194
4287,2.02748
4288,1.87168
4289,1.70895
4290,2.29624
4291,1.80735
4292,2.19967
4293,2.16993
4294,1.91511
4295,2.02895
4296,2.19401
4297,1.73118
4298,2.1964
4299,1.8679
4300,2.29462
4301,2.10852
4302,1.95174
4303,2.31259
4304,2.15687
4305,1.80735
4306,2.01707
4307,1.953
4308,2.0983
4309,2.22542
4310,2.26748
4311,2.09686
4312,5.65344
4313,2.11548
4314,1.70044
4315,1.80735
4316,2.07039
4317,2.18442
4318,2.14975
4319,2.26748
4320,1.94486
4321,1.91511
4322,2.10912
4323,1.69817
4324,2.22542
4325,2.11548
4326,2.15687
4327,1.88042
4328,1.95641
4329,1.92961
4330,1.63227
4331,1.848
4332,1.7997
4333,1.92427
4334,2.27753
4335,2.02895
4336,2.10912
4337,1.78319
4338,1.94877
4339,2.09366
4340,1.93289
4341,1.87168
4342,2.1247
4343,2.29624
4344,1.80735
4345,1.99022
4346,2.16993
4347,2.18442
4348,2.14975
4349,1.9349
4350,1.88042
4351,2.30433
4352,1.82103
4353,2.1343
4354,1.85688
4355,1.80314
4356,1.96047
4357,1.88085
4358,1.88042
4359,1.85688
4360,1.99159
4361,1.90689
4362,1.922
4363,2.25298
4364,1.926
4365,2.0282
4366,2.21681
4367,2.0282
4368,1.87168
4369,1.93707
4370,2.16581
4371,2.23947
4372,1.78136
4373,1.86836
4374,1.86836
4375,1.86836
4376,2.04669
4377,2.03847
4378,1.63136
4379,1.99159
4380,2.18442
4381,2.14975
4382,1.85244
4383,2.3744
4384,1.86836
4385,1.86836
4386,1.86836
4387,2.34042
4388,1.70782
4389,2.14975
4390,1.73361
4391,1.8679
4392,2.29462
4393,6.10852
4394,3.45943
4395,1.73697
4396,1.58496
4397,1.80314
4398,1.96047
4399,1.81214
4400,1.90689
4401,1.84276
4402,1.94486
4403,1.95693
4404,2.06667
4405,2.07039
4406,1.95693
4407,2.06667
4408,2.11221
4409,1.87774
4410,2.08246
4411,2.04924
4412,1.99022
4413,1.922
4414,2.11548
4415,2.04669
4416,2
4417,1.86836
4418,2.1964
4419,1.8679
4420,2.29462
4421,2.52356
4422,2.1375
4423,1.65368
4424,1.8365
4425,1.63136
4426,1.99159
4427,1.98089
4428,2.16146
4429,1.75256
4430,2.21681
4431,2.0282
4432,2.03395
4433,2.28293
4434,2.20945
4435,2.45457
4436,1.92427
4437,2.27753
4438,1.84609
4439,1.68182
4440,1.75077
4441,1.82667
4442,2.08964
4443,1.97924
4444,2.07039
4445,1.90689
4446,1.922
4447,1.87447
4448,2.34169
4449,1.922
4450,1.98089
4451,2.14684
4452,1.98138
4453,2.22542
4454,2.16993
4455,2.18641
4456,1.78932
4457,2.02748
4458,2.10912
4459,1.75256
4460,2.10434
4461,1.63136
4462,2.37346
4463,1.8365
4464,2.05585
4465,1.82685
4466,2.10343
4467,2.152
4468,2.20387
4469,2.11548
4470,1.86836
4471,2.34042
4472,2.49923
4473,1.922
4474,5.69116
4475,2.11548
4476,3
4477,1.58496
4478,2.1964
4479,1.8679
4480,2.29462
4481,2.10852
4482,1.95174
4483,1.68182
4484,2.09366
4485,2.18286
4486,1.78427
4487,2.06871
4488,1.93289
4489,1.87168
4490,1.93707
4491,1.75077
4492,2
4493,2.20945
4494,2.45457
4495,2.25442
4496,1.80314
4497,1.96047
4498,1.81214
4499,2.15687
4500,2.05445
4501,1.70895
4502,2.06178
4503,1.94486
4504,1.91511
4505,2.10912
4506,1.75256
4507,1.87168
4508,2.29462
4509,2.10852
4510,1.99022
4511,1.75256
4512,2.10434
4513,1.63136
4514,1.99159
4515,1.98089
4516,2.01707
4517,2.1836
4518,2.37346
4519,1.98089
4520,2.0282
4521,2.21681
4522,2.14684
4523,1.98138
4524,2.02748
4525,1.87168
4526,2.16146
4527,2.16581
4528,2.23947
4529,2.1964
4530,2.0199
4531,2.21632
4532,2.22542
4533,2.11221
4534,2.07039
4535,1.8365
4536,2.05585
4537,2.46428
4538,1.80735
4539,2.06178
4540,2.09686
4541,2.11221
4542,2.10343
4543,1.79837
4544,2.02748
4545,2.02895
4546,1.953
4547,1.92427
4548,1.79837
4549,1.78932
4550,2.22542
4551,1.65368
4552,2.32193
4553,2.29462
4554,2.52356
4555,6.04439
4556,2.32193
4557,2.80735
4558,1
4559,2.01707
4560,2.26849
4561,1.89724
4562,1.75256
4563,2.03395
4564,1.76356
4565,1.92427
4566,1.79837
4567,2.14296
4568,2.06667
4569,2.07039
4570,2.18641
4571,2.14296
4572,1.63227
4573,1.848
4574,1.82667
4575,1.94877
4576,2.16581
4577,1.70895
4578,2.06178
4579,2.09686
4580,1.74655
4581,1.87774
4582,1.95174
4583,2.31259
4584,1.974
4585,2.19967
4586,2.03242
4587,1.95174
4588,1.80735
4589,1.86014
4590,1.90689
4591,2.15687
4592,2.05445
4593,1.70895
4594,1.86014
4595,2.15687
4596,2.05445
4597,1.93289
4598,1.87168
4599,1.93707
4600,2.09366
4601,1.93289
4602,2.10434
4603,2.21632
4604,1.88662
4605,2.30189
4606,2.49923
4607,2.29177
4608,2.15528
4609,1.953
4610,1.848
4611,2
4612,1.81714
4613,2.26679
4614,2
4615,1.94996
4616,1.80735
4617,1.86014
4618,2.15687
4619,1.88042
4620,2.1008
4621,2.04924
4622,1.88085
4623,2.26679
4624,2.19794
4625,1.72348
4626,1.848
4627,1.82667
4628,1.73118
4629,1.974
4630,1.64508
4631,2.06871
4632,2.18286
4633,1.78427
4634,1.87168
4635,2.16146
4636,5.45121
4637,1.26303
4638,1.80735
4639,1.58496
4640,2.32193
4641,2.0199
4642,2.21632
4643,2.22542
4644,2.11548
4645,2.27886
4646,1.80735
4647,1.80735
4648,2.01707
4649,1.69817
4650,1.82103
4651,1.848
4652,2
4653,1.78319
4654,2.37504
4655,1.95744
4656,2.09192
4657,1.82667
4658,1.73118
4659,2.1964
4660,2.23563
4661,1.76356
4662,2.0983
4663,1.88662
4664,2.30189
4665,2.49923
4666,2.14975
4667,1.9349
4668,1.88042
4669,2.30433
4670,1.88662
4671,2.40498
4672,2.19967
4673,2.03242
4674,1.87774
4675,1.96047
4676,1.81214
4677,1.84276
4678,1.98138
4679,2.07039
4680,2.14136
4681,1.848
4682,2.10912
4683,2.06667
4684,2.19794
4685,2.29177
4686,1.87774
4687,2.11221
4688,2.10343
4689,1.79837
4690,2.02748
4691,2.10912
4692,1.91857
4693,1.98138
4694,2.02748
4695,2.21681
4696,1.85688
4697,2.37346
4698,1.8365
4699,2.21632
4700,2.22542
4701,2.15528
4702,1.74655
4703,2.15528
4704,1.953
4705,2.1343
4706,1.85688
4707,1.99159
4708,2.18442
4709,2.14975
4710,1.9349
4711,2.09192
4712,2
4713,1.81714
4714,1.94486
4715,1.87168
4716,2.1247
4717,6.3837
4718,2.80735
4719,1.41504
4720,1.48543
4721,2
4722,2.16146
4723,2.06667
4724,2
4725,2.16146
4726,1.75256
4727,2.10434
4728,2.05585
4729,1.82685
4730,1.69817
4731,2.22542
4732,2.26748
4733,2.09686
4734,1.95174
4735,2.31259
4736,2.15687
4737,1.91427
4738,2.04064
4739,2.14296
4740,2.18866
4741,1.73361
4742,2.23563
4743,2.0199
4744,2.26679
4745,2.11548
4746,1.922
4747,1.91194
4748,2.22542
4749,1.98935
4750,2.28421
4751,1.80232
4752,2.20716
4753,2.49923
4754,1.848
4755,1.84609
4756,1.68182
4757,1.75077
4758,1.7997
4759,1.92427
4760,2.27753
4761,2.10912
4762,2.46877
4763,1.78427
4764,2.21681
4765,2.30433
4766,2.22542
4767,2.11548
4768,2.15687
4769,2.05445
4770,1.96605
4771,2.19794
4772,1.72348
4773,2.1343
4774,2.23947
4775,2.52356
4776,1.91511
4777,1.84609
4778,2.40881
4779,1.68226
4780,1.953
4781,1.848
4782,1.82667
4783,1.73118
4784,2.15687
4785,1.80735
4786,2.01707
4787,1.953
4788,2.25442
4789,1.80314
4790,1.96047
4791,1.87168
4792,2.23947
4793,2.15687
4794,1.99022
4795,1.922
4796,1.87447
4797,2.34169
4798,6.16993
4799,2.32193
4800,2.45943
4801,2.22239
4802,1.953
4803,1.848
4804,2
4805,1.81714
4806,1.77493
4807,1.78427
4808,2.21681
4809,2.1008
4810,1.82685
4811,2.1836
4812,2.02554
4813,2.11548
4814,1.93707
4815,2.22542
4816,2.03242
4817,2.07039
4818,2.01937
4819,2.28293
4820,2.45457
4821,1.92427
4822,1.79837
4823,1.78932
4824,2.14296
4825,2.18866
4826,1.80232
4827,2.20716
4828,1.70782
4829,1.94996
4830,2.31259
4831,1.974
4832,1.64508
4833,2.21681
4834,1.85688
4835,1.80314
4836,1.96047
4837,2.06848
4838,2.09686
4839,2.28421
4840,1.85244
4841,1.80735
4842,1.64508
4843,2.06871
4844,2.18286
4845,1.78427
4846,1.87168
4847,2.23947
4848,2.10852
4849,1.99022
4850,1.91857
4851,1.98138
4852,2.06496
4853,2.04924
4854,1.91427
4855,2.04064
4856,1.78932
4857,1.78932
4858,1.78932
4859,2.02748
4860,2.10912
4861,1.75256
4862,1.87168
4863,1.86836
4864,2.1964
4865,2.06054
4866,2.14684
4867,2.17932
4868,2.04669
4869,2.03847
4870,1.63136
4871,1.99159
4872,1.98089
4873,1.94996
4874,2.31259
4875,2.1964
4876,1.8679
4877,2.29462
4878,2.52356
4879,6.04439
4880,2.32193
4881,1.73697
4882,2.16993
4883,1.88662
4884,1.73361
4885,1.8679
4886,1.93707
4887,2.24176
4888,2.30433
4889,2.22542
4890,1.9349
4891,2.05445
4892,1.96605
4893,2.19794
4894,2.14975
4895,1.85244
4896,2.32193
4897,2.0199
4898,2.05585
4899,2.46428
4900,1.68182
4901,1.75077
4902,1.7997
4903,2.0983
4904,1.88662
4905,1.80232
4906,1.86836
4907,2.34042
4908,1.70782
4909,2.14975
4910,2.40498
4911,2.11221
4912,2.13171
4913,2.06054
4914,2.0282
4915,1.87168
4916,2.29462
4917,1.97924
4918,1.87774
4919,2.08246
4920,2.04924
4921,2.24548
4922,2.06848
4923,1.94486
4924,1.95693
4925,1.63227
4926,2.1343
4927,2.1008
4928,1.82685
4929,1.69817
4930,2.22542
4931,2.11548
4932,2.15687
4933,1.88042
4934,1.85688
4935,1.99159
4936,2.18442
4937,2.29177
4938,2.15528
4939,1.953
4940,2.1343
4941,2.30433
4942,2.22542
4943,1.87774
4944,2.11221
4945,1.953
4946,2.25442
4947,1.80314
4948,1.96047
4949,1.88085
4950,2.05445
4951,1.70895
4952,1.95744
4953,2.05445
4954,1.93289
4955,1.87168
4956,2.29462
4957,1.68226
4958,1.74655
4959,1.87774
4960,6.19967
4961,2
4962,2.22239
4963,2.32193
4964,2.20716
4965,2.34169
4966,2.16993
4967,1.90689
4968,2.16993
4969,1.98089
4970,2.01707
4971,2.1836
4972,2.02554
4973,1.91194
4974,2.06496
4975,2.13171
4976,2.0199
4977,2.25939
4978,2.152
4979,1.65368
4980,1.8365
4981,2.25939
4982,1.79837
4983,1.78932
4984,1.78932
4985,2.02748
4986,2.02895
4987,1.953
4988,2.13578
4989,1.82685
4990,1.69817
4991,2.22542
4992,2.15528
4993,2.28421
4994,2.30189
4995,1.99022
4996,2.16993
4997,2.14136
4998,1.848
4999,1.84609
5000,1.80735
5001,2.06178
5002,1.98138
5003,2.07039
5004,2.14136
5005,2.46949
5006,1.7633
5007,1.98089
5008,2.01707
5009,1.953
5010,2.0983
5011,2.22542
5012,2.26748
5013,2.09686
5014,2.11221
5015,2.1836
5016,1.80314
5017,1.96047
5018,2.38042
5019,2.3744
5020,2.08517
5021,1.82103
5022,1.88085
5023,2.05445
5024,2.16146
5025,2.24176
5026,1.85688
5027,2.37346
5028,1.98089
5029,1.9542
5030,2.23173
5031,2.06848
5032,2.09686
5033,1.99022
5034,1.75256
5035,2.10434
5036,2.05585
5037,2.46428
5038,1.68182
5039,1.75077
5040,1.7997
5041,4.21378
5042,2.08746
5043,1.70044
5044,1.80735
5045,2.15528
5046,1.91194
5047,2.02748
5048,2.06871
5049,2.07039
5050,1.98138
5051,2.02748
5052,2.06871
5053,2.07039
5054,2.01886
5055,2.34169
5056,1.922
5057,2.01937
5058,2.0199
5059,2.26679
5060,2
5061,2.01707
5062,2.19401
5063,1.94877
5064,2.24176
5065,1.85688
5066,2.37346
5067,2.01937
5068,2.0199
5069,1.77493
5070,2.23173
5071,1.88085
5072,1.88042
5073,2.30433
5074,1.88662
5075,2.30189
5076,1.80735
5077,2.01707
5078,1.88085
5079,2.17932
5080,1.98138
5081,1.82103
5082,2.06848
5083,1.98138
5084,2.07039
5085,2.01937
5086,2.28293
5087,1.81714
5088,1.77493
5089,1.9542
5090,2.04924
5091,1.80735
5092,2.16146
5093,2.46877
5094,2.23173
5095,1.81214
5096,1.84276
5097,1.98138
5098,1.87774
5099,1.96047
5100,1.81214
5101,1.84276
5102,1.98138
5103,2.15528
5104,2.11548
5105,1.93707
5106,2.02748
5107,1.87168
5108,2.23947
5109,1.68226
5110,2.28421
5111,2.30189
5112,1.80735
5113,2.01707
5114,1.69817
5115,2.22542
5116,1.9349
5117,2.05445
5118,2.23947
5119,2.52356
5120,1.95693
5121,2.41814
5122,7.02237
5123,2.80735
5124,1.80735
5125,1.22239
5126,1.9542
5127,2.18866
5128,2.03242
5129,2.15528
5130,2.11548
5131,1.86836
5132,1.93707
5133,2.06496
5134,2.00972
5135,2.08517
5136,1.82103
5137,2.06848
5138,1.94486
5139,2.18641
5140,2.14296
5141,2.06667
5142,2.15528
5143,2.28421
5144,1.80232
5145,1.93707
5146,2.03847
5147,2.25939
5148,1.92961
5149,1.63227
5150,2.09954
5151,2.07039
5152,1.98138
5153,2.03847
5154,1.63136
5155,1.99159
5156,1.98089
5157,1.94996
5158,1.68182
5159,2.09366
5160,2.07039
5161,2.17932
5162,2.34042
5163,1.70782
5164,2.29177
5165,2.15528
5166,1.74655
5167,2.07039
5168,2.1375
5169,1.7633
5170,1.90689
5171,2.16993
5172,2.08246
5173,2.04924
5174,1.80735
5175,2.01707
5176,2.26849
5177,1.89724
5178,2.46877
5179,2.23173
5180,2.06848
5181,1.98138
5182,2.07039
5183,2.32193
5184,2.29462
5185,1.68226
5186,2.28421
5187,1.73361
5188,2.23563
5189,1.76356
5190,2.13578
5191,2.04924
5192,1.88085
5193,2.17932
5194,1.98138
5195,2.20353
5196,2.10236
5197,1.73118
5198,1.78136
5199,2.08517
5200,1.82103
5201,2.06848
5202,1.98138
5203,6.19967
5204,1.32193
5205,2.58496
5206,2.16993
5207,2.27753
5208,2.10912
5209,1.75256
5210,2.10434
5211,2.05585
5212,2.46428
5213,2.31259
5214,1.78136
5215,2.08517
5216,2.06496
5217,2.00972
5218,1.86836
5219,1.93707
5220,1.82103
5221,2.06848
5222,1.98138
5223,1.87774
5224,2.12553
5225,1.98935
5226,1.74655
5227,2.11221
5228,2.15528
5229,1.91194
5230,2.22542
5231,1.98935
5232,1.953
5233,2.1343
5234,1.95641
5235,2.152
5236,2.8413
5237,2.08246
5238,2.13171
5239,1.8679
5240,1.93707
5241,1.75077
5242,1.82667
5243,1.94877
5244,2.09366
5245,2.18286
5246,2.18866
5247,2.03242
5248,2.07039
5249,1.98089
5250,2.06667
5251,2
5252,2.01707
5253,1.69817
5254,2.22542
5255,2.11548
5256,2.15687
5257,1.88042
5258,2.30433
5259,1.82103
5260,2.1343
5261,2.1008
5262,1.82685
5263,2.26849
5264,1.89724
5265,1.91857
5266,1.98138
5267,2.22542
5268,2.03242
5269,2.11221
5270,2.1836
5271,1.99159
5272,1.98089
5273,2.01707
5274,1.953
5275,2.13578
5276,1.89724
5277,2.06667
5278,1.85914
5279,1.848
5280,2.10912
5281,1.75256
5282,2.03395
5283,1.76356
5284,4.21378
5285,2.5025
5286,3.32193
5287,2.16993
5288,2.17932
5289,2.17932
5290,1.86836
5291,2.34042
5292,2.49923
5293,2.04064
5294,2.02748
5295,1.84609
5296,1.80735
5297,2.29624
5298,1.80735
5299,1.64508
5300,2.06871
5301,2.18286
5302,1.78427
5303,1.87168
5304,2.23947
5305,2.1964
5306,2.06054
5307,2.14684
5308,1.98138
5309,2.03847
5310,2.25939
5311,2.152
5312,1.7633
5313,1.90689
5314,2.16993
5315,2.08246
5316,2.04924
5317,1.99022
5318,2.16993
5319,2.12553
5320,2.03242
5321,2.07039
5322,2.14136
5323,1.848
5324,2.02895
5325,1.88085
5326,2.17932
5327,2.01886
5328,1.70782
5329,2.01707
5330,1.69817
5331,1.88662
5332,1.80232
5333,1.93707
5334,1.926
5335,2.0282
5336,2.21681
5337,1.9542
5338,2.18866
5339,2.03242
5340,1.87774
5341,2.12553
5342,2.16993
5343,1.95693
5344,2.41814
5345,1.9349
5346,2.05445
5347,2.23947
5348,2.1964
5349,2.06054
5350,2.0282
5351,1.87168
5352,2.29462
5353,1.68226
5354,2.28421
5355,2.26748
5356,1.98138
5357,2.15528
5358,1.87447
5359,1.70782
5360,2.14975
5361,1.9349
5362,2.05445
5363,2.18286
5364,1.9542
5365,5.21917
5366,3.32193
5367,2.32193
5368,2.45943
5369,2.02748
5370,2
5371,2.60039
5372,2.17932
5373,2.01886
5374,2.34169
5375,2.16993
5376,1.96047
5377,1.81214
5378,1.90689
5379,2.15687
5380,2.09192
5381,1.82667
5382,1.73118
5383,1.78136
5384,1.86836
5385,2.04669
5386,2
5387,2.1247
5388,1.95744
5389,2.05445
5390,1.96605
5391,2
5392,2.01707
5393,2.1836
5394,2.02554
5395,1.91194
5396,1.82103
5397,2.06848
5398,1.94486
5399,2.1375
5400,1.65368
5401,2.01937
5402,1.76356
5403,2.13578
5404,2.04924
5405,1.953
5406,2.13578
5407,2.46428
5408,2.40881
5409,1.97924
5410,1.87774
5411,1.96047
5412,2.06848
5413,1.98138
5414,1.87774
5415,2.08246
5416,2.13171
5417,1.8679
5418,2.1247
5419,1.86014
5420,1.90689
5421,1.84276
5422,2.09686
5423,2.28421
5424,2.30189
5425,1.91427
5426,2.04064
5427,2.22542
5428,2.20387
5429,1.91194
5430,2.02748
5431,2
5432,1.7997
5433,1.92427
5434,1.79837
5435,2.02748
5436,2.10912
5437,1.69817
5438,1.88662
5439,2.30189
5440,1.91427
5441,1.848
5442,1.84609
5443,2.31259
5444,1.78136
5445,2.08517
5446,7.31288
5447,1.58496
5448,2.11548
5449,1.58496
5450,1.88042
5451,1.95641
5452,1.92961
5453,2.18866
5454,1.80232
5455,2.20716
5456,2.34169
5457,1.922
5458,2.11548
5459,1.86836
5460,2.34042
5461,1.70782
5462,1.94996
5463,2.31259
5464,2.15687
5465,1.99022
5466,2.16993
5467,1.98089
5468,2.01707
5469,2.10912
5470,1.81714
5471,1.94486
5472,1.87168
5473,1.86836
5474,2.15687
5475,1.80735
5476,2.01707
5477,2.19401
5478,2.08964
5479,1.97924
5480,2.15528
5481,2.25298
5482,1.926
5483,2.14684
5484,1.98138
5485,1.926
5486,1.9542
5487,2.23173
5488,1.81214
5489,2.27886
5490,2.32193
5491,1.8679
5492,1.93707
5493,2.16581
5494,2.23947
5495,1.97924
5496,2.15528
5497,2.11548
5498,1.93707
5499,2.06496
5500,2.13171
5501,1.8679
5502,2.1247
5503,2.29624
5504,1.80735
5505,2.49923
5506,2.29177
5507,2.11221
5508,2.15528
5509,1.87447
5510,1.70782
5511,2.14975
5512,1.80232
5513,1.93707
5514,2
5515,1.93707
5516,2.09366
5517,1.96605
5518,2.19794
5519,2.29177
5520,1.87774
5521,2.11221
5522,2.19401
5523,1.73118
5524,2.15687
5525,1.91427
5526,2.46949
5527,6.01123
5528,2.32193
5529,1.45943
5530,2
5531,1.82667
5532,1.94877
5533,2.09366
5534,2.07039
5535,2.01886
5536,1.70782
5537,2.16146
5538,1.75256
5539,1.87168
5540,1.93707
5541,1.75077
5542,1.7997
5543,2.25442
5544,2.02554
5545,1.87447
5546,2.34169
5547,1.922
5548,2.01937
5549,2.28293
5550,1.78319
5551,1.73118
5552,1.974
5553,1.64508
5554,2.06871
5555,1.93289
5556,2.10434
5557,1.63136
5558,1.99159
5559,1.98089
5560,1.94996
5561,2.31259
5562,2.1964
5563,2.06054
5564,2.06667
5565,1.85914
5566,1.922
5567,2.41814
5568,1.85244
5569,2.3744
5570,2.08517
5571,1.82103
5572,2.06848
5573,2.09686
5574,2.28421
5575,2.11548
5576,2.15687
5577,2.05445
5578,1.70895
5579,2.29624
5580,2.3744
5581,2.20716
5582,1.70782
5583,2.29177
5584,2.15528
5585,2.28421
5586,1.9349
5587,1.88042
5588,2.1008
5589,1.89724
5590,2.06667
5591,2
5592,1.94996
5593,1.80735
5594,1.95744
5595,2.05445
5596,2.23947
5597,1.97924
5598,2.07039
5599,1.98089
5600,2.06667
5601,2.19794
5602,2.14975
5603,1.80232
5604,1.93707
5605,2.03847
5606,2.05585
5607,1.82685
5608,5.72792
5609,2.08746
5610,2.16993
5611,1.32193
5612,2.26849
5613,2.46428
5614,1.80735
5615,2.06178
5616,2.09686
5617,2.11221
5618,1.88085
5619,1.77493
5620,2.23173
5621,1.88085
5622,2.09192
5623,1.82667
5624,1.73118
5625,1.974
5626,2.19967
5627,2.03242
5628,1.99022
5629,2.06667
5630,2
5631,2.01707
5632,2.10343
5633,1.79837
5634,2.22542
5635,1.7633
5636,1.90689
5637,1.922
5638,1.91194
5639,1.82103
5640,1.81214
5641,1.90689
5642,2.27886
5643,2.3744
5644,1.86836
5645,2.04669
5646,2
5647,2.1247
5648,2.29624
5649,2.32193
5650,2.06054
5651,2.14684
5652,1.98138
5653,2.03847
5654,1.63136
5655,2.02554
5656,1.87447
5657,1.70782
5658,2.29177
5659,2.11221
5660,1.87774
5661,2.08246
5662,2.04924
5663,1.91427
5664,2.04064
5665,2.22542
5666,2.8413
5667,2.12553
5668,2.03242
5669,2.07039
5670,2.01937
5671,1.76356
5672,2.0983
5673,1.82103
5674,2.1343
5675,1.70895
5676,1.95744
5677,1.88042
5678,1.95641
5679,1.79837
5680,2.02748
5681,1.84609
5682,1.68182
5683,1.75077
5684,1.7997
5685,2.13578
5686,1.89724
5687,2.06667
5688,1.85914
5689,5.58496
5690,2.32193
5691,1.70044
5692,2.22239
5693,2.28421
5694,2.30189
5695,1.91427
5696,2.46949
5697,1.7633
5698,1.90689
5699,1.922
5700,1.98089
5701,2.0282
5702,2.21681
5703,2.0282
5704,2.03395
5705,1.76356
5706,1.92427
5707,1.79837
5708,2.22542
5709,2.20387
5710,1.87447
5711,1.70782
5712,2.01707
5713,2.19401
5714,2.37504
5715,2.06178
5716,2.09686
5717,1.95174
5718,1.68182
5719,1.75077
5720,2
5721,2.45457
5722,2.25442
5723,1.99159
5724,2.14136
5725,1.922
5726,2.06667
5727,2.07039
5728,1.91511
5729,1.84609
5730,2.40881
5731,2.52356
5732,1.95693
5733,1.63227
5734,2.1343
5735,2.23947
5736,2.10852
5737,1.99022
5738,1.91857
5739,2.01886
5740,2.49923
5741,1.848
5742,2.10912
5743,1.69817
5744,2.22542
5745,1.87774
5746,2.11221
5747,1.88085
5748,2.26679
5749,2.11548
5750,2.16993
5751,1.90689
5752,1.922
5753,2.01937
5754,2.28293
5755,1.78319
5756,1.73118
5757,1.78136
5758,2.20716
5759,1.70782
5760,2.16146
5761,1.75256
5762,1.87168
5763,1.86836
5764,1.78136
5765,1.93707
5766,2
5767,1.93707
5768,2.24176
5769,2.1008
5770,6.21917
5771,2
5772,2.32193
5773,1.58496
5774,2.18866
5775,1.80232
5776,1.93707
5777,2.03847
5778,2.05585
5779,1.82685
5780,2.26849
5781,2.04924
5782,2.10912
5783,1.81714
5784,2.17932
5785,1.98138
5786,2.03847
5787,2.25939
5788,2.27753
5789,2.10912
5790,1.69817
5791,2.22542
5792,2.15528
5793,1.74655
5794,2.11221
5795,2.07039
5796,2.14136
5797,1.922
5798,1.63227
5799,1.848
5800,2
5801,1.81714
5802,1.94486
5803,2.21681
5804,1.9542
5805,1.9542
5806,2.13171
5807,2.0199
5808,2.25939
5809,2.152
5810,1.65368
5811,2.01937
5812,2.28293
5813,2.20945
5814,2.45457
5815,2.0983
5816,2.22542
5817,2.07039
5818,1.95693
5819,2.41814
5820,2.11548
5821,2.27886
5822,2.3744
5823,1.86836
5824,2.04669
5825,2
5826,1.86836
5827,1.974
5828,1.64508
5829,1.87168
5830,2.16146
5831,2.09366
5832,1.96605
5833,1.85914
5834,2.46949
5835,1.7633
5836,1.90689
5837,1.922
5838,1.91194
5839,1.82103
5840,1.81214
5841,1.84276
5842,2.09686
5843,1.74655
5844,2.15528
5845,2.28421
5846,2.40498
5847,2.11221
5848,2.13171
5849,2.06054
5850,2.06667
5851,6.2854
5852,2
5853,3.80735
5854,2.80735
5855,1.76356
5856,1.92427
5857,1.79837
5858,2.14296
5859,1.63227
5860,2.1343
5861,1.85688
5862,2.37346
5863,2.01937
5864,2.0199
5865,1.94486
5866,2.03395
5867,1.76356
5868,2.25442
5869,2.37346
5870,2.01937
5871,2.0199
5872,1.77493
5873,2.23173
5874,1.88085
5875,2.09192
5876,2
5877,1.78319
5878,1.73118
5879,1.78136
5880,1.93707
5881,2.03847
5882,2.25939
5883,2.152
5884,1.7633
5885,1.90689
5886,2.16993
5887,2.18442
5888,2.29177
5889,2.15528
5890,1.953
5891,2.1343
5892,1.70895
5893,2.29624
5894,2.32193
5895,2.23563
5896,1.76356
5897,1.92427
5898,2.27753
5899,1.84609
5900,1.80735
5901,1.86014
5902,2.15687
5903,2.05445
5904,2.23947
5905,2.52356
5906,2.1375
5907,2.20387
5908,1.91194
5909,2.22542
5910,2.03242
5911,2.11221
5912,1.88085
5913,2.17932
5914,1.98138
5915,2.20353
5916,2.10236
5917,2.37504
5918,1.86014
5919,1.84276
5920,1.94486
5921,1.95693
5922,2.06667
5923,1.87774
5924,1.95174
5925,1.80735
5926,1.86014
5927,2.15687
5928,2.05445
5929,2.18286
5930,1.78427
5931,1.87168
5932,4.82443
5933,2.45943
5934,1.16993
5935,1.73697
5936,2.46877
5937,1.78427
5938,2
5939,2
5940,2.20945
5941,2.45457
5942,2.0983
5943,1.88662
5944,2.30189
5945,1.99022
5946,2.16993
5947,1.96047
5948,2.21681
5949,2.1008
5950,1.82685
5951,2.1836
5952,1.99159
5953,1.98089
5954,1.94996
5955,1.68182
5956,1.75077
5957,2.60039
5958,1.94486
5959,2.10434
5960,1.63136
5961,2.02554
5962,1.91194
5963,2.22542
5964,2.03242
5965,2.11221
5966,1.88085
5967,2.17932
5968,2.01886
5969,1.70782
5970,2.14975
5971,1.9349
5972,1.88042
5973,1.85688
5974,1.80314
5975,1.96047
5976,1.87168
5977,2.16146
5978,2.09366
5979,1.93289
5980,2.03395
5981,2.10236
5982,2.08964
5983,1.97924
5984,2.15528
5985,2.11548
5986,2.34042
5987,2.34169
5988,2.16993
5989,1.90689
5990,1.922
5991,2.32193
5992,1.86836
5993,2.1964
5994,1.8679
5995,1.86836
5996,1.974
5997,2.11221
5998,2.00972
5999,2.08517
6000,2.22542
6001,2.03242
6002,2.07039
6003,1.98089
6004,2.14684
6005,2.17932
6006,2.04669
6007,1.926
6008,1.9542
6009,1.9542
6010,2.04924
6011,2.19967
6012,1.98935
6013,5.65344
6014,2.70044
6015,2.16993
6016,2.58496
6017,1.73361
6018,2.23563
6019,2.0199
6020,1.94486
6021,1.87168
6022,2.29462
6023,1.68226
6024,1.953
6025,2.09954
6026,2.18286
6027,1.78427
6028,2.21681
6029,1.85688
6030,1.80314
6031,1.96047
6032,1.88085
6033,2.05445
6034,2.07039
6035,2.01886
6036,1.70782
6037,1.94996
6038,2.40881
6039,2.52356
6040,2.1375
6041,2.20387
6042,2.11548
6043,1.93707
6044,2.06496
6045,2.00972
6046,1.86836
6047,1.86836
6048,1.93707
6049,1.82103
6050,2.06848
6051,1.94486
6052,2.1375
6053,1.7633
6054,2.18442
6055,2.14975
6056,1.73361
6057,1.8679
6058,2.29462
6059,2.10852
6060,2.11221
6061,2.19401
6062,2.37504
6063,1.86014
6064,2.27886
6065,2.32193
6066,1.8679
6067,2.1247
6068,1.95744
6069,2.05445
6070,1.70895
6071,1.95744
6072,2.05445
6073,2.23947
6074,1.78136
6075,1.86836
6076,2.34042
6077,2.34169
6078,2.16993
6079,1.96047
6080,2.21681
6081,2.30433
6082,2.22542
6083,2.11221
6084,1.87774
6085,1.96047
6086,2
6087,1.82667
6088,2.37504
6089,1.86014
6090,1.84276
6091,1.94486
6092,1.91511
6093,2.02895
6094,7.2384
6095,1.80735
6096,2.22239
6097,1.73697
6098,2.49923
6099,1.72348
6100,2.1343
6101,2.23947
6102,1.78136
6103,1.93707
6104,2.03847
6105,2.25939
6106,2.27753
6107,2.10912
6108,2.10343
6109,2.27753
6110,1.84609
6111,2.40881
6112,1.68226
6113,1.953
6114,2.1343
6115,2.1008
6116,1.89724
6117,1.91857
6118,1.98138
6119,2.03847
6120,2.05585
6121,2.46428
6122,2.40881
6123,1.97924
6124,2.15528
6125,1.87447
6126,1.70782
6127,2.14975
6128,1.9349
6129,2.05445
6130,2.18286
6131,2.23173
6132,2.06848
6133,2.09686
6134,2.11221
6135,2.10343
6136,1.79837
6137,2.22542
6138,1.65368
6139,1.8365
6140,2.21632
6141,1.82103
6142,1.848
6143,2
6144,2.20945
6145,1.81714
6146,2.26679
6147,2.19794
6148,1.72348
6149,2.09954
6150,2.18286
6151,1.78427
6152,2
6153,2.60039
6154,1.94486
6155,1.87168
6156,1.86836
6157,1.974
6158,2.24548
6159,1.81214
6160,1.90689
6161,2.15687
6162,2.09192
6163,2.60039
6164,1.94486
6165,2.10434
6166,1.63136
6167,2.37346
6168,1.98089
6169,1.9542
6170,2.18866
6171,2.16993
6172,2.1375
6173,1.7633
6174,1.98089
6175,6.40939
6176,2
6177,1
6178,1.87447
6179,2.34169
6180,1.922
6181,2.11548
6182,2.34042
6183,1.70782
6184,2.01707
6185,1.69817
6186,2.22542
6187,1.9349
6188,2.05445
6189,2.16146
6190,1.75077
6191,1.7997
6192,2.0983
6193,1.88662
6194,2.30189
6195,1.80735
6196,2.16146
6197,1.91857
6198,2.17932
6199,1.86836
6200,2.34042
6201,1.70782
6202,2.16146
6203,2.06667
6204,2.11548
6205,2.16993
6206,1.96047
6207,1.88085
6208,2.05445
6209,1.70895
6210,2.29624
6211,2.3744
6212,1.93707
6213,2
6214,2.1247
6215,2.29624
6216,2.32193
6217,2.06054
6218,2.14684
6219,2.17932
6220,1.86836
6221,1.86836
6222,1.93707
6223,2.06496
6224,2.00972
6225,2.08517
6226,1.82103
6227,1.81214
6228,1.90689
6229,1.84276
6230,1.94486
6231,1.91511
6232,2.02895
6233,1.88085
6234,2.26679
6235,1.85914
6236,2.04064
6237,2.22542
6238,1.65368
6239,1.98089
6240,1.9542
6241,2.23173
6242,2.06848
6243,1.94486
6244,1.91511
6245,2.10912
6246,1.69817
6247,1.88662
6248,2.30189
6249,1.99022
6250,2.16993
6251,2.18442
6252,2.29177
6253,2.11221
6254,1.87774
6255,2.12553
6256,5.49185
6257,1.45943
6258,2.80735
6259,2
6260,2.14975
6261,2.26748
6262,2.09686
6263,1.74655
6264,2.07039
6265,1.95693
6266,2.06667
6267,2.07039
6268,2.18641
6269,1.78932
6270,2.02748
6271,1.84609
6272,1.68182
6273,2.16581
6274,1.70895
6275,1.86014
6276,1.84276
6277,1.98138
6278,2.15528
6279,2.25298
6280,2.20353
6281,1.76356
6282,1.92427
6283,1.79837
6284,1.78932
6285,1.78932
6286,1.78932
6287,1.78932
6288,1.78932
6289,2.02748
6290,2.02895
6291,1.88085
6292,1.94486
6293,1.87168
6294,1.86836
6295,2.1964
6296,2.23563
6297,1.76356
6298,1.92427
6299,2.152
6300,1.7633
6301,2.18442
6302,1.72348
6303,2.1343
6304,2.23947
6305,1.68226
6306,2.28421
6307,1.85244
6308,1.80735
6309,2.19967
6310,2.03242
6311,1.95174
6312,1.80735
6313,2.29624
6314,1.80735
6315,1.99022
6316,1.922
6317,1.8365
6318,2.05585
6319,2.46428
6320,1.68182
6321,2.24176
6322,1.85688
6323,1.80314
6324,1.96047
6325,2.06871
6326,2.07039
6327,2.01886
6328,2.34169
6329,1.922
6330,2.11548
6331,1.86836
6332,2.34042
6333,2.49923
6334,2.04064
6335,2.14296
6336,1.63227
6337,5.49185
6338,1.26303
6339,2.22239
6340,1.73697
6341,1.8679
6342,2.1247
6343,2.06178
6344,2.09686
6345,1.74655
6346,2.11221
6347,2.07039
6348,2.32193
6349,1.86836
6350,1.78136
6351,1.93707
6352,1.926
6353,1.9542
6354,1.9542
6355,2.00972
6356,2.08517
6357,2.22542
6358,2.03242
6359,1.87774
6360,2.12553
6361,2.03242
6362,1.99022
6363,1.75256
6364,2.03395
6365,1.76356
6366,2.13578
6367,1.89724
6368,2.46877
6369,1.9542
6370,2.04924
6371,1.64508
6372,2
6373,2
6374,1.81714
6375,2.26679
6376,2
6377,2.01707
6378,2.10343
6379,1.79837
6380,2.22542
6381,2.8413
6382,1.96047
6383,1.81214
6384,1.84276
6385,2.09686
6386,1.953
6387,1.848
6388,1.7997
6389,1.92427
6390,1.92961
6391,2.06667
6392,1.87774
6393,2.11221
6394,1.69817
6395,1.82103
6396,2.09954
6397,1.96605
6398,1.85914
6399,1.922
6400,1.63227
6401,1.848
6402,2.60039
6403,1.77493
6404,1.78427
6405,2
6406,2.60039
6407,2.26679
6408,1.85914
6409,1.922
6410,2.06667
6411,1.87774
6412,1.95174
6413,2.40881
6414,1.97924
6415,1.87774
6416,1.96047
6417,1.87168
6418,4.82443
6419,1.1375
6420,1.70044
6421,1.80735
6422,1.99022
6423,1.75256
6424,2.03395
6425,2.10236
6426,1.73118
6427,1.974
6428,2.24548
6429,2.38042
6430,1.80735
6431,1.99022
6432,1.922
6433,1.91194
6434,2.02748
6435,2
6436,2
6437,2.20945
6438,2.45457
6439,2.0983
6440,1.82103
6441,2.1343
6442,2.1008
6443,2.04924
6444,2.19401
6445,2.37504
6446,1.95744
6447,2.09192
6448,1.82667
6449,1.73118
6450,2.15687
6451,1.99022
6452,2.16993
6453,2.08246
6454,2.04924
6455,2.24548
6456,1.81214
6457,1.90689
6458,1.90689
6459,1.84276
6460,2.09686
6461,2.28421
6462,2.26748
6463,2.09686
6464,2.28421
6465,1.9349
6466,2.05445
6467,1.93289
6468,2.21681
6469,2.0282
6470,2.10434
6471,2.05585
6472,1.89724
6473,1.75256
6474,1.87168
6475,1.93707
6476,2.09366
6477,1.96605
6478,2.11548
6479,1.922
6480,1.87447
6481,2.34169
6482,1.922
6483,1.87447
6484,1.70782
6485,2.01707
6486,2.26849
6487,1.89724
6488,1.91857
6489,2.01886
6490,2.34169
6491,2.16993
6492,2.14136
6493,1.922
6494,1.63227
6495,2.1343
6496,1.70895
6497,1.95744
6498,1.88042
6499,5.76377
6500,2.08746
6501,1.70044
6502,1.58496
6503,1.80735
6504,2.19967
6505,2.16993
6506,2.18641
6507,2.14296
6508,2.18866
6509,2.40498
6510,1.64508
6511,2.21681
6512,1.85688
6513,2.37346
6514,2.01937
6515,2.0199
6516,1.94486
6517,1.87168
6518,1.86836
6519,1.78136
6520,2.08517
6521,2.02748
6522,2.06871
6523,1.93289
6524,2.03395
6525,2.10236
6526,1.73118
6527,2.1964
6528,2.23563
6529,2.0199
6530,1.94486
6531,2.21681
6532,2.14684
6533,2.01886
6534,1.70782
6535,2.29177
6536,2.15528
6537,2.28421
6538,2.26748
6539,1.98138
6540,2.07039
6541,1.98089
6542,1.9542
6543,1.78427
6544,2
6545,1.7997
6546,2.0983
6547,1.88662
6548,2.40498
6549,2.19967
6550,2.16993
6551,1.91511
6552,1.84609
6553,1.68182
6554,2.09366
6555,2.18286
6556,2.23173
6557,2.06848
6558,1.98138
6559,2.07039
6560,2.32193
6561,2.1247
6562,2.06178
6563,1.98138
6564,2.07039
6565,1.8365
6566,2.05585
6567,1.89724
6568,2.06667
6569,2.11548
6570,1.922
6571,2.01937
6572,2.28293
6573,1.81714
6574,2.26679
6575,2.19794
6576,2.14975
6577,1.9349
6578,2.09192
6579,1.7997
6580,4.21378
6581,2.08746
6582,2.16993
6583,3.32193
6584,1.68182
6585,1.75077
6586,2
6587,1.78319
6588,2.08964
6589,2.52356
6590,2.1375
6591,1.65368
6592,1.98089
6593,1.9542
6594,2.23173
6595,1.81214
6596,1.90689
6597,1.90689
6598,1.90689
6599,1.90689
6600,1.90689
6601,2.15687
6602,2.09192
6603,1.7997
6604,2.25442
6605,1.99159
6606,2.14136
6607,1.922
6608,2.06667
6609,2.07039
6610,1.91511
6611,1.84609
6612,2.31259
6613,1.78136
6614,1.93707
6615,1.926
6616,2.06667
6617,1.85914
6618,2.46949
6619,1.65368
6620,1.8365
6621,1.63136
6622,2.37346
6623,1.98089
6624,2.14684
6625,2.17932
6626,2.04669
6627,2.20353
6628,2.0199
6629,1.94486
6630,1.87168
6631,1.93707
6632,2.09366
6633,2.18286
6634,1.78427
6635,2.21681
6636,2.30433
6637,2.22542
6638,2.15528
6639,1.74655
6640,2.11221
6641,1.87774
6642,2.12553
6643,1.98935
6644,2.28421
6645,2.40498
6646,1.64508
6647,2
6648,2
6649,1.78319
6650,2.08964
6651,2.10852
6652,2.11221
6653,1.69817
6654,1.88662
6655,1.80232
6656,2.08517
6657,2.22542
6658,2.03242
6659,2.15528
6660,2.25298
6661,6.24793
6662,1.87447
6663,2.22239
6664,2.58496
6665,1.70895
6666,2.29624
6667,2.3744
6668,1.93707
6669,2
6670,2.1247
6671,2.06178
6672,1.94486
6673,1.95693
6674,1.63227
6675,1.848
6676,1.82667
6677,2.37504
6678,2.06178
6679,2.09686
6680,2.11221
6681,1.953
6682,2.0983
6683,1.88662
6684,1.80232
6685,1.86836
6686,2.04669
6687,2.20353
6688,1.76356
6689,1.92427
6690,1.79837
6691,2.02748
6692,1.84609
6693,1.68182
6694,1.75077
6695,1.7997
6696,2.25442
6697,2.02554
6698,2.25298
6699,2.03847
6700,2.25939
6701,2.152
6702,2.8413
6703,1.96047
6704,2.38042
6705,2.32193
6706,2.06054
6707,2.0282
6708,2.21681
6709,2.0282
6710,2.10434
6711,2.25939
6712,1.79837
6713,2.02748
6714,2.10912
6715,2.10343
6716,1.79837
6717,2.14296
6718,1.63227
6719,1.848
6720,1.7997
6721,1.92427
6722,1.79837
6723,2.14296
6724,2.18866
6725,1.80232
6726,1.86836
6727,1.86836
6728,2.04669
6729,2
6730,1.93707
6731,1.75077
6732,1.82667
6733,2.37504
6734,2.06178
6735,2.09686
6736,2.28421
6737,2.11548
6738,2.27886
6739,1.80735
6740,1.64508
6741,1.87168
6742,4.82443
6743,2.45943
6744,1.41504
6745,2.80735
6746,2.10434
6747,1.63136
6748,1.99159
6749,2.18442
6750,2.14975
6751,1.85244
6752,1.80735
6753,2.24548
6754,1.88085
6755,2.05445
6756,1.96605
6757,2.11548
6758,1.922
6759,1.8365
6760,2.21632
6761,2.22542
6762,2.11221
6763,1.87774
6764,2.12553
6765,2.03242
6766,2.11221
6767,2.10343
6768,1.79837
6769,2.02748
6770,2.02895
6771,2.10912
6772,2.45457
6773,2.25442
6774,1.80314
6775,1.96047
6776,2
6777,2
6778,2.20945
6779,2.20945
6780,1.78319
6781,2.08964
6782,1.68226
6783,2.28421
6784,2.40498
6785,2.24548
6786,2.38042
6787,1.80735
6788,2.24548
6789,2.06848
6790,1.94486
6791,1.91511
6792,2.10912
6793,2.10343
6794,1.92961
6795,1.63227
6796,2.1343
6797,1.70895
6798,2.06178
6799,2.09686
6800,1.95174
6801,2.31259
6802,1.78136
6803,1.86836
6804,1.93707
6805,1.82103
6806,2.06848
6807,2.09686
6808,1.99022
6809,1.91857
6810,2.01886
6811,2.49923
6812,2.04064
6813,2.22542
6814,1.65368
6815,2.32193
6816,2.1247
6817,1.86014
6818,1.90689
6819,1.90689
6820,2.15687
6821,2.05445
6822,1.93289
6823,5.42626
6824,1.87447
6825,3
6826,2.80735
6827,1.63136
6828,1.80314
6829,2.08246
6830,2.04924
6831,2.24548
6832,1.88085
6833,1.88042
6834,1.85688
6835,1.99159
6836,1.90689
6837,1.922
6838,1.8365
6839,1.63136
6840,2.37346
6841,1.8365
6842,2.21632
6843,1.82103
6844,2.1343
6845,1.95641
6846,2.152
6847,2.8413
6848,2.08246
6849,2.00972
6850,2.20716
6851,2.49923
6852,2.46949
6853,1.65368
6854,2.32193
6855,1.86836
6856,1.974
6857,1.64508
6858,2.21681
6859,2.30433
6860,2.22542
6861,2.11548
6862,1.84276
6863,2.09686
6864,1.99022
6865,1.91857
6866,1.98138
6867,2.06496
6868,2.13171
6869,2.06054
6870,1.9542
6871,1.78427
6872,2
6873,2
6874,2.45457
6875,2.13578
6876,2.04924
6877,1.88085
6878,1.77493
6879,2.23173
6880,1.81214
6881,2.27886
6882,1.80735
6883,1.80735
6884,1.94996
6885,2.40881
6886,1.68226
6887,1.953
6888,2.1343
6889,1.95641
6890,2.27753
6891,1.84609
6892,2.40881
6893,1.68226
6894,2.28421
6895,1.85244
6896,1.80735
6897,1.99022
6898,2.16993
6899,1.96047
6900,1.87168
6901,2.16146
6902,2.16581
6903,2.16146
6904,5.45121
6905,3.58496
6906,2.32193
6907,1.73697
6908,1.91857
6909,1.98138
6910,2.22542
6911,2.03242
6912,1.95174
6913,2.31259
6914,2.15687
6915,1.99022
6916,1.922
6917,1.91194
6918,2.02748
6919,1.87168
6920,2.23947
6921,2.52356
6922,2.18641
6923,2.22542
6924,1.7633
6925,1.98089
6926,2.01707
6927,1.88085
6928,1.77493
6929,1.78427
6930,2.21681
6931,2.1008
6932,2.46428
6933,2.40881
6934,1.97924
6935,2.07039
6936,2.32193
6937,2.29462
6938,2.10852
6939,2.11221
6940,2.26849
6941,1.89724
6942,1.91857
6943,2.01886
6944,2.34169
6945,2.16993
6946,1.96047
6947,2.38042
6948,1.80735
6949,2.11221
6950,2.13171
6951,2.06054
6952,2.0282
6953,2.10434
6954,2.21632
6955,2.22542
6956,2.11548
6957,1.90689
6958,2.27886
6959,1.80735
6960,2.11221
6961,2.04924
6962,1.99022
6963,1.922
6964,2.25298
6965,2.03847
6966,2.21632
6967,1.88662
6968,1.73361
6969,1.8679
6970,1.93707
6971,2.16581
6972,1.70895
6973,1.95744
6974,2.05445
6975,1.93289
6976,2.10434
6977,2.05585
6978,1.82685
6979,2.26849
6980,1.82685
6981,2.10343
6982,1.79837
6983,1.78932
6984,2.14296
6985,5.69116
6986,2.70044
6987,1.16993
6988,1.32193
6989,2.26849
6990,1.89724
6991,1.75256
6992,2.21681
6993,2.06667
6994,1.85914
6995,1.922
6996,1.63227
6997,2.1343
6998,2.23947
6999,2.1964
7000,1.8679
7001,2.29462
7002,1.97924
7003,2.07039
7004,1.98089
7005,2.16146
7006,1.75256
7007,2.03395
7008,2.10236
7009,2.08964
7010,2.10852
7011,1.99022
7012,1.91857
7013,2.17932
7014,2.04669
7015,2.20353
7016,2.0199
7017,2.17932
7018,2.01886
7019,1.70782
7020,2.14975
7021,2.30189
7022,1.80735
7023,2.01707
7024,2.26849
7025,1.89724
7026,1.91857
7027,1.98138
7028,1.926
7029,2.0282
7030,1.87168
7031,2.1247
7032,2.06178
7033,2.09686
7034,2.11221
7035,2.19401
7036,2.08964
7037,2.52356
7038,1.95693
7039,1.63227
7040,2.09954
7041,1.96605
7042,2.19794
7043,2.14975
7044,1.73361
7045,1.8679
7046,1.93707
7047,2.24176
7048,2.30433
7049,1.88662
7050,2.30189
7051,1.91427
7052,2.04064
7053,2.22542
7054,2.20387
7055,1.91194
7056,2.06496
7057,2.00972
7058,1.86836
7059,2.04669
7060,2.20353
7061,1.76356
7062,2.0983
7063,2.22542
7064,2.11548
7065,2.27886
7066,5.54432
7067,1.73697
7068,1.45943
7069,2.58496
7070,1.95641
7071,1.79837
7072,2.22542
7073,2.8413
7074,1.96047
7075,1.81214
7076,1.90689
7077,1.90689
7078,2.15687
7079,2.05445
7080,2.23947
7081,1.974
7082,2.24548
7083,2.06848
7084,2.09686
7085,1.95174
7086,2.31259
7087,1.974
7088,2.24548
7089,1.88085
7090,2.09192
7091,1.7997
7092,2.25442
7093,1.80314
7094,2.08246
7095,2.00972
7096,1.93707
7097,1.926
7098,2.0282
7099,2.21681
7100,1.9542
7101,2.23173
7102,1.88085
7103,2.05445
7104,2.23947
7105,2.10852
7106,2.11221
7107,2.10912
7108,1.81714
7109,1.77493
7110,1.9542
7111,2.04924
7112,2.49923
7113,2.14975
7114,1.73361
7115,1.8679
7116,1.86836
7117,1.78136
7118,2.08517
7119,2.02748
7120,2.21681
7121,1.95641
7122,1.79837
7123,2.14296
7124,1.63227
7125,2.1343
7126,2.16146
7127,2.16581
7128,2.23947
7129,2.15687
7130,1.91427
7131,2.04064
7132,1.78932
7133,2.14296
7134,1.63227
7135,2.1343
7136,2.23947
7137,2.15687
7138,1.99022
7139,2.16993
7140,2.18442
7141,1.72348
7142,2.1343
7143,1.95641
7144,1.92961
7145,1.63227
7146,2.1343
7147,5.76377
7148,2.08746
7149,1.80735
7150,2.45943
7151,2
7152,2.29462
7153,2.10852
7154,2.11221
7155,1.88085
7156,1.94486
7157,2.03395
7158,2.0199
7159,1.77493
7160,2.18866
7161,2.03242
7162,2.15528
7163,2.25298
7164,1.926
7165,2.0282
7166,1.87168
7167,2.1247
7168,1.86014
7169,1.84276
7170,2.09686
7171,1.95174
7172,1.68182
7173,1.75077
7174,2.60039
7175,1.94486
7176,1.87168
7177,2.29462
7178,1.68226
7179,1.74655
7180,1.87774
7181,1.99022
7182,2.06667
7183,2
7184,2.01707
7185,1.69817
7186,2.22542
7187,2.11221
7188,2.07039
7189,2.18442
7190,2.14975
7191,1.80232
7192,2.08517
7193,2.22542
7194,1.98935
7195,2.28421
7196,2.26748
7197,1.98138
7198,2.07039
7199,2.18442
7200,2.29177
7201,2.15528
7202,2.28421
7203,1.85244
7204,1.80735
7205,1.91427
7206,1.848
7207,1.84609
7208,1.68182
7209,1.75077
7210,2
7211,2.20945
7212,2.45457
7213,2.13578
7214,1.82685
7215,2.26849
7216,2.04924
7217,2.10912
7218,1.78319
7219,1.73118
7220,2.1964
7221,2.06054
7222,2.0282
7223,2.03395
7224,2.28293
7225,2.20945
7226,1.78319
7227,1.94877
7228,5.45121
7229,3.58496
7230,1
7231,2.45943
7232,2.20353
7233,2.0199
7234,1.77493
7235,1.9542
7236,2.04924
7237,1.80735
7238,2.16146
7239,1.91857
7240,1.98138
7241,2.20353
7242,1.76356
7243,2.25442
7244,1.99159
7245,1.90689
7246,2.16993
7247,2.14136
7248,1.922
7249,2.18866
7250,2.30189
7251,1.91427
7252,1.848
7253,1.84609
7254,1.80735
7255,1.86014
7256,1.90689
7257,2.27886
7258,1.80735
7259,1.99022
7260,1.922
7261,2.32193
7262,1.86836
7263,1.78136
7264,1.93707
7265,2.20353
7266,2.10236
7267,1.73118
7268,2.1964
7269,2.0199
7270,2.05585
7271,2.04924
7272,1.88085
7273,2.26679
7274,2
7275,2.16146
7276,2.46877
7277,1.78427
7278,1.87168
7279,2.23947
7280,1.68226
7281,1.74655
7282,2.07039
7283,2.1375
7284,2.8413
7285,2.12553
7286,2.03242
7287,2.15528
7288,2.11548
7289,2.04669
7290,1.926
7291,2.0282
7292,2.21681
7293,2.06667
7294,2
7295,2.01707
7296,1.69817
7297,1.82103
7298,2.1343
7299,1.95641
7300,2.152
7301,1.65368
7302,2.01937
7303,2.10236
7304,2.08964
7305,1.97924
7306,2.15528
7307,2.25298
7308,2
7309,5.70966
7310,1.1375
7311,2.70044
7312,2
7313,2
7314,1.78319
7315,2.08964
7316,1.97924
7317,2.07039
7318,1.90689
7319,1.922
7320,1.87447
7321,1.70782
7322,2.01707
7323,2.1836
7324,1.80314
7325,2.12553
7326,2.03242
7327,2.07039
7328,1.98089
7329,1.94996
7330,1.68182
7331,1.75077
7332,1.82667
7333,1.94877
7334,2.16581
7335,1.70895
7336,1.86014
7337,2.27886
7338,1.80735
7339,2.19967
7340,2.16993
7341,1.91511
7342,2.02895
7343,1.88085
7344,2.17932
7345,1.98138
7346,2
7347,2.29462
7348,1.68226
7349,1.74655
7350,2.15528
7351,1.74655
7352,1.87774
7353,2.11221
7354,2.26849
7355,2.04924
7356,2.10912
7357,1.78319
7358,1.73118
7359,1.78136
7360,2.20716
7361,1.70782
7362,2.16146
7363,2.46877
7364,2.18866
7365,2.16993
7366,1.95693
7367,2.18866
7368,1.80232
7369,2.20716
7370,1.70782
7371,1.72348
7372,2.09954
7373,2.18286
7374,2.23173
7375,1.81214
7376,1.90689
7377,1.84276
7378,1.94486
7379,1.91511
7380,2.02895
7381,2.19401
7382,1.94877
7383,2.16581
7384,1.70895
7385,1.86014
7386,2.15687
7387,2.05445
7388,2.16146
7389,2.16581
7390,4.82443
7391,1.1375
7392,1.70044
7393,1.80735
7394,2.15528
7395,1.87447
7396,1.70782
7397,2.16146
7398,1.75256
7399,2.03395
7400,2.10236
7401,2.37504
7402,2.29624
7403,2.32193
7404,2.23563
7405,2.10236
7406,2.37504
7407,1.95744
7408,1.88042
7409,2.1008
7410,1.82685
7411,2.26849
7412,2.46428
7413,2.40881
7414,2.10852
7415,2.11221
7416,1.953
7417,1.92427
7418,2.152
7419,1.7633
7420,2.18442
7421,1.72348
7422,2.1343
7423,1.95641
7424,2.27753
7425,2.02895
7426,1.953
7427,2.0983
7428,2.22542
7429,1.87774
7430,1.99022
7431,1.75256
7432,2.21681
7433,2.14684
7434,2.01886
7435,1.70782
7436,2.29177
7437,2.07039
7438,2.18641
7439,2.22542
7440,1.7633
7441,2.18442
7442,2.14975
7443,2.40498
7444,1.64508
7445,2
7446,2.60039
7447,2.17932
7448,2.17932
7449,2.34042
7450,1.70782
7451,2.16146
7452,1.75256
7453,2.03395
7454,2.0199
7455,2.26679
7456,2.11548
7457,2.16993
7458,2.14136
7459,1.922
7460,2.06667
7461,1.87774
7462,1.99022
7463,1.91857
7464,2.17932
7465,1.93707
7466,2.06496
7467,2.04924
7468,1.64508
7469,2.21681
7470,2.1008
7471,6.21917
7472,2
7473,2.80735
7474,1.80735
7475,1.95174
7476,2.31259
7477,2.15687
7478,2.49923
7479,2.14975
7480,1.80232
7481,1.86836
7482,2.04669
7483,2.20353
7484,2.0199
7485,1.77493
7486,2.23173
7487,2.38042
7488,1.80735
7489,2.49923
7490,2.14975
7491,2.11548
7492,1.90689
7493,1.84276
7494,2.09686
7495,1.953
7496,2.09954
7497,1.96605
7498,2.19794
7499,1.72348
7500,2.09954
7501,1.96605
7502,2.19794
7503,2.29177
7504,2.07039
7505,2.18641
7506,2.14296
7507,1.63227
7508,2.09954
7509,1.96605
7510,2.11548
7511,1.922
7512,1.91194
7513,2.22542
7514,2.03242
7515,2.11221
7516,2.1836
7517,2.02554
7518,2.25298
7519,1.926
7520,2.06667
7521,2.19794
7522,2.14975
7523,2.11548
7524,1.84276
7525,1.94486
7526,2.1375
7527,2.8413
7528,1.96047
7529,1.81214
7530,2.15687
7531,2.05445
7532,1.70895
7533,2.29624
7534,2.3744
7535,2.20716
7536,1.70782
7537,2.16146
7538,1.91857
7539,2.17932
7540,1.93707
7541,2.22542
7542,1.98935
7543,1.74655
7544,2.11221
7545,1.87774
7546,1.96047
7547,1.81214
7548,1.84276
7549,2.09686
7550,1.95174
7551,1.80735
7552,6.3837
7553,1.80735
7554,2.16993
7555,1.58496
7556,1.85244
7557,1.80735
7558,2.11221
7559,2.00972
7560,2.08517
7561,2.06496
7562,2.04924
7563,1.80735
7564,2.01707
7565,1.953
7566,2.0983
7567,2.22542
7568,1.87774
7569,1.99022
7570,1.75256
7571,2.03395
7572,1.76356
7573,1.92427
7574,1.79837
7575,2.02748
7576,2.10912
7577,2.46877
7578,2.18866
7579,2.16993
7580,1.95693
7581,1.63227
7582,2.09954
7583,2.18286
7584,1.9542
7585,2.04924
7586,1.99022
7587,2.16993
7588,1.96047
7589,2.38042
7590,1.80735
7591,1.91427
7592,1.922
7593,2.41814
7594,2.11548
7595,1.84276
7596,1.94486
7597,1.95693
7598,2.18866
7599,1.73361
7600,1.8679
7601,1.86836
7602,1.974
7603,1.64508
7604,2
7605,1.82667
7606,1.94877
7607,2.24176
7608,1.85688
7609,2.02554
7610,2.11548
7611,1.86836
7612,1.86836
7613,2.04669
7614,2.20353
7615,2.10236
7616,1.94877
7617,2.16581
7618,2.16146
7619,2.24176
7620,2.1008
7621,2.04924
7622,1.88085
7623,1.77493
7624,1.9542
7625,2.13171
7626,1.8679
7627,1.93707
7628,2.09366
7629,1.93289
7630,2.10434
7631,1.63136
7632,2.02554
7633,7.15987
7634,1.22239
7635,1.45943
7636,2
7637,1.7997
7638,2.25442
7639,1.80314
7640,1.96047
7641,2.06871
7642,2.07039
7643,2.17932
7644,1.93707
7645,2.02748
7646,1.87168
7647,1.70895
7648,2.29624
7649,2.3744
7650,1.86836
7651,1.93707
7652,2.02748
7653,2.06871
7654,2.07039
7655,1.98138
7656,2
7657,1.93707
7658,2.09366
7659,1.96605
7660,1.85914
7661,1.848
7662,2.10912
7663,2.06667
7664,2.11548
7665,1.922
7666,1.91194
7667,2.06496
7668,2.13171
7669,2.23563
7670,2.0199
7671,1.94486
7672,1.87168
7673,2.29462
7674,2.10852
7675,1.95174
7676,1.80735
7677,1.95744
7678,2.09192
7679,1.7997
7680,2.13578
7681,1.82685
7682,2.26849
7683,2.04924
7684,1.88085
7685,1.94486
7686,1.87168
7687,2.29462
7688,2.10852
7689,1.99022
7690,2.06667
7691,2.19794
7692,1.72348
7693,2.1343
7694,2.23947
7695,1.974
7696,1.64508
7697,1.87168
7698,1.70895
7699,1.86014
7700,2.15687
7701,1.88042
7702,2.30433
7703,2.22542
7704,2.11221
7705,2.15528
7706,2.25298
7707,1.926
7708,2.0282
7709,2.03395
7710,2.28293
7711,1.78319
7712,2.37504
7713,2.29624
7714,5.54432
7715,3.32193
7716,2.80735
7717,1.58496
7718,1.85244
7719,2.32193
7720,2.0199
7721,2.25939
7722,2.152
7723,1.7633
7724,2.14136
7725,1.848
7726,2.10912
7727,1.75256
7728,2.10434
7729,2.21632
7730,1.88662
7731,2.40498
7732,2.24548
7733,2.38042
7734,2.32193
7735,2.0199
7736,2.21632
7737,2.22542
7738,2.11548
7739,1.90689
7740,2.27886
7741,2.32193
7742,2.0199
7743,2.25939
7744,2.27753
7745,2.10912
7746,2.1836
7747,1.80314
7748,2.12553
7749,2.03242
7750,2.11221
7751,1.953
7752,2.13578
7753,1.82685
7754,2.26849
7755,1.89724
7756,1.91857
7757,2.01886
7758,1.70782
7759,2.16146
7760,2.06667
7761,2
7762,2.01707
7763,1.88085
7764,1.77493
7765,2.23173
7766,2.06848
7767,2.09686
7768,2.28421
7769,1.9349
7770,2.05445
7771,2.18286
7772,2.18866
7773,1.98935
7774,1.74655
7775,2.11221
7776,2.07039
7777,1.8365
7778,2.21632
7779,1.88662
7780,1.73361
7781,2.0199
7782,1.63136
7783,1.99159
7784,1.90689
7785,1.922
7786,1.87447
7787,2.34169
7788,1.922
7789,1.87447
7790,2.49923
7791,1.922
7792,2.41814
7793,1.85244
7794,2.32193
7795,6.18982
7796,1.87447
7797,1
7798,1.87447
7799,1.70782
7800,2.16146
7801,2.46877
7802,2.18866
7803,2.03242
7804,2.11221
7805,2.10343
7806,1.79837
7807,1.78932
7808,2.22542
7809,1.7633
7810,2.14136
7811,1.848
7812,2.10912
7813,2.26849
7814,1.89724
7815,1.75256
7816,2.03395
7817,1.76356
7818,1.92427
7819,2.27753
7820,1.84609
7821,1.80735
7822,1.86014
7823,2.27886
7824,2.3744
7825,2.20716
7826,1.70782
7827,2.14975
7828,1.9349
7829,2.09192
7830,2.60039
7831,2.26679
7832,2.11548
7833,2.16993
7834,2.14136
7835,1.922
7836,2.06667
7837,1.87774
7838,1.95174
7839,2.40881
7840,1.97924
7841,2.07039
7842,2.32193
7843,2.29462
7844,1.97924
7845,2.07039
7846,2.01937
7847,2.0199
7848,2.17932
7849,2.17932
7850,2.04669
7851,2.20353
7852,2.10236
7853,1.73118
7854,2.15687
7855,1.80735
7856,1.94996
7857,2.40881
7858,1.97924
7859,2.07039
7860,1.8365
7861,2.25939
7862,1.79837
7863,2.02748
7864,1.84609
7865,2.31259
7866,1.78136
7867,2.20716
7868,1.70782
7869,2.01707
7870,2.10343
7871,1.79837
7872,1.78932
7873,2.02748
7874,2.02895
7875,1.953
7876,4.21378
7877,2.08746
7878,1.16993
7879,3.16993
7880,2.02748
7881,2.10912
7882,2.26849
7883,1.89724
7884,1.75256
7885,2.10434
7886,2.21632
7887,2.22542
7888,2.26748
7889,1.94486
7890,2.1375
7891,1.65368
7892,2.01937
7893,2.10236
7894,1.73118
7895,1.78136
7896,2.20716
7897,2.49923
7898,2.04064
7899,2.02748
7900,2.10912
7901,2.10343
7902,1.79837
7903,1.78932
7904,1.78932
7905,2.02748
7906,2.10912
7907,1.69817
7908,1.82103
7909,2.09954
7910,2.18286
7911,2.23173
7912,1.81214
7913,1.90689
7914,1.84276
7915,2.09686
7916,2.11221
7917,1.69817
7918,1.82103
7919,1.848
7920,1.82667
7921,2.08964
7922,1.68226
7923,1.74655
7924,1.87774
7925,2.11221
7926,1.953
7927,2.13578
7928,2.04924
7929,2.19401
7930,2.37504
7931,2.29624
7932,1.80735
7933,1.80735
7934,2.16146
7935,1.91857
7936,2.01886
7937,1.70782
7938,2.01707
7939,1.953
7940,2.0983
7941,2.22542
7942,1.9349
7943,2.05445
7944,2.23947
7945,1.974
7946,2.19967
7947,2.03242
7948,2.11221
7949,2.19401
7950,2.08964
7951,2.10852
7952,1.99022
7953,1.91857
7954,2.17932
7955,2.04669
7956,2
7957,5.70966
7958,2.45943
7959,1.16993
7960,1.32193
7961,2.26849
7962,1.89724
7963,1.91857
7964,1.98138
7965,2.06496
7966,2.04924
7967,1.64508
7968,2.06871
7969,1.96605
7970,1.85914
7971,2.04064
7972,2.02748
7973,2.10912
7974,1.75256
7975,1.87168
7976,2.1247
7977,1.86014
7978,1.84276
7979,2.09686
7980,1.99022
7981,1.91857
7982,2.17932
7983,1.86836
7984,2.34042
7985,2.34169
7986,2.16993
7987,2.12553
7988,2.03242
7989,2.15528
7990,2.11548
7991,1.86836
7992,1.93707
7993,2.06496
7994,2.00972
7995,1.86836
7996,1.93707
7997,1.82103
7998,2.06848
7999,1.98138
8000,2.07039
8001,2.14136
8002,1.848
8003,1.84609
8004,2.40881
8005,1.68226
8006,2.28421
8007,1.73361
8008,2.0199
8009,2.21632
8010,1.82103
8011,2.09954
8012,1.93289
8013,2.21681
8014,2.14684
8015,2.01886
8016,2.49923
8017,1.848
8018,1.84609
8019,1.68182
8020,2.16581
8021,2.23947
8022,2.15687
8023,1.99022
8024,1.922
8025,2.11548
8026,1.93707
8027,2.06496
8028,2.04924
8029,2.24548
8030,2.38042
8031,2.32193
8032,2.23563
8033,1.76356
8034,2.13578
8035,2.46428
8036,1.80735
8037,2.06178
8038,7.26679
8039,1.45943
8040,2.70044
8041,1.73697
8042,1.91427
8043,2.04064
8044,1.78932
8045,2.02748
8046,2.02895
8047,2.10912
8048,2.20945
8049,1.78319
8050,2.08964
8051,1.97924
8052,2.07039
8053,1.90689
8054,1.922
8055,2.11548
8056,1.86836
8057,1.86836
8058,1.93707
8059,2.22542
8060,1.98935
8061,1.953
8062,2.1343
8063,2.23947
8064,2.1964
8065,2.0199
8066,2.05585
8067,2.04924
8068,2.19401
8069,1.94877
8070,2.09366
8071,1.96605
8072,2.19794
8073,1.72348
8074,2.1343
8075,2.30433
8076,1.88662
8077,1.80232
8078,1.86836
8079,2.04669
8080,1.926
8081,2.0282
8082,2.10434
8083,2.21632
8084,1.82103
8085,1.848
8086,1.7997
8087,1.92427
8088,2.152
8089,2.20387
8090,1.91194
8091,1.82103
8092,1.88085
8093,1.88042
8094,2.1008
8095,1.82685
8096,2.1836
8097,2.02554
8098,2.25298
8099,2
8100,1.93707
8101,2.16581
8102,2.23947
8103,2.15687
8104,2.49923
8105,2.14975
8106,1.85244
8107,1.80735
8108,1.64508
8109,2
8110,1.82667
8111,1.73118
8112,1.78136
8113,2.20716
8114,1.70782
8115,2.29177
8116,2.11221
8117,2.07039
8118,2.18442
8119,5.14975
8120,2.11548
8121,2
8122,3.16993
8123,1.94877
8124,2.09366
8125,2.18286
8126,2.18866
8127,1.98935
8128,1.74655
8129,2.11221
8130,2.15528
8131,2.11548
8132,1.93707
8133,2.02748
8134,2.21681
8135,1.85688
8136,2.37346
8137,2.32193
8138,2.29462
8139,2.10852
8140,1.95174
8141,2.40881
8142,2.10852
8143,2.11221
8144,2.1836
8145,1.80314
8146,2.08246
8147,2.00972
8148,2.08517
8149,2.22542
8150,2.03242
8151,1.95174
8152,1.80735
8153,1.86014
8154,1.84276
8155,1.94486
8156,2.1375
8157,2.20387
8158,2.11548
8159,1.93707
8160,2.02748
8161,2.06871
8162,1.96605
8163,2.11548
8164,2.16993
8165,2.12553
8166,2.16993
8167,2.18641
8168,2.02748
8169,2.10912
8170,1.91857
8171,1.98138
8172,2.02748
8173,2.21681
8174,1.85688
8175,1.80314
8176,1.96047
8177,1.88085
8178,2.05445
8179,2.23947
8180,2.1964
8181,2.06054
8182,2.14684
8183,1.98138
8184,2.03847
8185,1.63136
8186,2.37346
8187,1.98089
8188,1.9542
8189,1.78427
8190,2
8191,1.82667
8192,1.94877
8193,1.75077
8194,1.7997
8195,2.0983
8196,1.82103
8197,2.09954
8198,1.96605
8199,2.19794
8200,5.14975
8201,2.11548
8202,2
8203,2.16993
8204,2.0983
8205,2.22542
8206,1.9349
8207,2.09192
8208,2
8209,1.78319
8210,1.73118
8211,2.1964
8212,2.06054
8213,2.14684
8214,1.98138
8215,1.926
8216,1.9542
8217,1.78427
8218,1.87168
8219,2.23947
8220,1.78136
8221,1.93707
8222,2.03847
8223,2.05585
8224,2.04924
8225,1.88085
8226,1.94486
8227,1.87168
8228,2.1247
8229,2.29624
8230,2.3744
8231,1.86836
8232,1.86836
8233,2.04669
8234,2.03847
8235,2.21632
8236,1.82103
8237,2.09954
8238,2.07039
8239,1.98138
8240,1.926
8241,2.06667
8242,2.19794
8243,2.14975
8244,1.73361
8245,2.23563
8246,1.76356
8247,2.25442
8248,2.02554
8249,2.11548
8250,2.04669
8251,2.03847
8252,2.25939
8253,1.79837
8254,2.02748
8255,2.10912
8256,2.46877
8257,1.78427
8258,2.06871
8259,1.96605
8260,1.85914
8261,1.922
8262,1.63227
8263,1.848
8264,1.82667
8265,2.08964
8266,1.97924
8267,2.15528
8268,2.25298
8269,1.926
8270,1.9542
8271,1.9542
8272,2.00972
8273,2.08517
8274,2.06496
8275,2.13171
8276,2.23563
8277,1.76356
8278,2.13578
8279,1.82685
8280,2.1836
8281,6.41785
8282,3.32193
8283,2.32193
8284,1.22239
8285,2.06667
8286,2.19794
8287,2.14975
8288,1.73361
8289,2.0199
8290,1.63136
8291,2.37346
8292,2.32193
8293,1.93707
8294,1.75077
8295,2.60039
8296,2.17932
8297,1.98138
8298,2.03847
8299,2.25939
8300,2.27753
8301,1.84609
8302,1.80735
8303,1.95744
8304,2.09192
8305,2.60039
8306,1.77493
8307,2.23173
8308,1.81214
8309,2.15687
8310,2.09192
8311,1.7997
8312,2.0983
8313,2.22542
8314,2.15528
8315,2.28421
8316,2.30189
8317,1.99022
8318,2.16993
8319,1.96047
8320,1.88085
8321,1.88042
8322,1.95641
8323,2.152
8324,1.65368
8325,1.98089
8326,1.9542
8327,1.9542
8328,2.04924
8329,2.19967
8330,1.98935
8331,1.953
8332,1.848
8333,1.82667
8334,1.94877
8335,2.24176
8336,2.1008
8337,1.82685
8338,2.1836
8339,2.02554
8340,1.91194
8341,2.02748
8342,2
8343,1.82667
8344,2.08964
8345,1.97924
8346,1.87774
8347,2.08246
8348,2.04924
8349,2.11221
8350,2.04924
8351,1.80735
8352,1.94996
8353,1.80735
8354,1.95744
8355,1.88042
8356,2.1008
8357,2.46428
8358,1.80735
8359,2.06178
8360,2.09686
8361,1.74655
8362,5.61471
8363,1.45943
8364,1.80735
8365,1.87447
8366,1.70782
8367,1.94996
8368,1.80735
8369,2.29624
8370,2.3744
8371,1.86836
8372,1.86836
8373,2.04669
8374,2.20353
8375,1.76356
8376,2.0983
8377,1.82103
8378,2.09954
8379,2.18286
8380,1.9542
8381,2.00972
8382,2.20716
8383,2.34169
8384,2.16993
8385,1.90689
8386,1.922
8387,2.32193
8388,2.29462
8389,1.68226
8390,1.74655
8391,2.15528
8392,1.953
8393,2.09954
8394,1.93289
8395,2.03395
8396,2.0199
8397,2.26679
8398,2
8399,2.16146
8400,2.46877
8401,2.18866
8402,2.03242
8403,2.07039
8404,2.18442
8405,1.72348
8406,1.848
8407,2
8408,1.78319
8409,1.94877
8410,2.09366
8411,2.18286
8412,1.78427
8413,2
8414,2
8415,2.20945
8416,1.78319
8417,1.73118
8418,1.78136
8419,2.08517
8420,2.02748
8421,2.21681
8422,2.1008
8423,2.04924
8424,2.10912
8425,2.20945
8426,1.78319
8427,2.08964
8428,1.97924
8429,2.07039
8430,2.32193
8431,1.86836
8432,2.15687
8433,1.91427
8434,2.46949
8435,1.7633
8436,1.90689
8437,2.16993
8438,1.98089
8439,2.16146
8440,2.06667
8441,1.85914
8442,2.04064
8443,6.31288
8444,2.32193
8445,1.48543
8446,2
8447,1.87168
8448,2.23947
8449,1.68226
8450,2.28421
8451,1.85244
8452,2.32193
8453,2.0199
8454,2.21632
8455,1.88662
8456,1.80232
8457,2.08517
8458,1.82103
8459,2.38042
8460,1.80735
8461,2.11221
8462,2.00972
8463,2.20716
8464,1.70782
8465,1.72348
8466,1.848
8467,1.7997
8468,2.25442
8469,1.80314
8470,1.96047
8471,2
8472,2
8473,2.20945
8474,1.78319
8475,1.73118
8476,1.78136
8477,1.86836
8478,2.04669
8479,2
8480,2.29462
8481,1.68226
8482,2.28421
8483,1.73361
8484,2.23563
8485,1.76356
8486,1.92427
8487,1.92961
8488,1.63227
8489,2.1343
8490,2.23947
8491,1.97924
8492,2.07039
8493,2.01937
8494,2.10236
8495,1.73118
8496,2.1964
8497,2.06054
8498,1.9542
8499,1.9542
8500,2.00972
8501,1.93707
8502,2.03847
8503,2.05585
8504,2.46428
8505,2.40881
8506,2.10852
8507,1.99022
8508,1.75256
8509,1.87168
8510,1.93707
8511,2.09366
8512,1.93289
8513,2.10434
8514,1.63136
8515,1.99159
8516,1.90689
8517,1.922
8518,1.87447
8519,2.49923
8520,2.04064
8521,2.14296
8522,1.63227
8523,2.1343
8524,4.82443
8525,1.1375
8526,2.11548
8527,2.32193
8528,2.09686
8529,2.28421
8530,2.26748
8531,2.09686
8532,2.28421
8533,2.11548
8534,2.15687
8535,2.05445
8536,1.93289
8537,2.10434
8538,2.05585
8539,1.89724
8540,2.46877
8541,2.18866
8542,2.03242
8543,2.11221
8544,1.88085
8545,1.77493
8546,1.78427
8547,2.21681
8548,2.1008
8549,2.04924
8550,1.88085
8551,1.94486
8552,2.03395
8553,2.28293
8554,2.45457
8555,2.13578
8556,1.89724
8557,1.75256
8558,2.03395
8559,2.0199
8560,1.94486
8561,1.87168
8562,2.1247
8563,2.06178
8564,2.09686
8565,2.28421
8566,1.80232
8567,1.86836
8568,2.04669
8569,2.03847
8570,2.05585
8571,2.46428
8572,1.68182
8573,2.16581
8574,2.23947
8575,1.78136
8576,1.93707
8577,1.926
8578,1.9542
8579,1.9542
8580,2.13171
8581,2.06054
8582,1.9542
8583,1.9542
8584,2.04924
8585,1.64508
8586,2
8587,1.7997
8588,2.13578
8589,2.46428
8590,1.80735
8591,2.06178
8592,1.98138
8593,1.87774
8594,2.08246
8595,2.04924
8596,2.11221
8597,2.04924
8598,1.64508
8599,2.21681
8600,1.85688
8601,1.80314
8602,2.12553
8603,1.98935
8604,1.74655
8605,5.61471
8606,1.45943
8607,1.80735
8608,2.45943
8609,2.02748
8610,2.06871
8611,2.07039
8612,2.17932
8613,2.04669
8614,2.20353
8615,2.28293
8616,2.45457
8617,1.92427
8618,1.79837
8619,1.78932
8620,2.14296
8621,2.18866
8622,1.73361
8623,2.0199
8624,1.63136
8625,1.99159
8626,2.14136
8627,2.46949
8628,2.20387
8629,1.87447
8630,2.34169
8631,1.922
8632,2.01937
8633,2.0199
8634,2.26679
8635,2
8636,2.16146
8637,2.06667
8638,1.85914
8639,2.46949
8640,1.65368
8641,1.8365
8642,1.63136
8643,2.37346
8644,1.8365
8645,2.21632
8646,1.88662
8647,1.80232
8648,1.93707
8649,2.20353
8650,2.0199
8651,1.94486
8652,2.03395
8653,2.10236
8654,1.73118
8655,2.1964
8656,2.23563
8657,2.28293
8658,2.20945
8659,1.81714
8660,1.77493
8661,1.78427
8662,1.87168
8663,1.70895
8664,2.06178
8665,2.09686
8666,1.74655
8667,1.87774
8668,2.11221
8669,2.26849
8670,2.46428
8671,2.31259
8672,1.974
8673,1.64508
8674,1.87168
8675,2.23947
8676,1.97924
8677,2.07039
8678,2.01937
8679,2.10236
8680,2.08964
8681,1.68226
8682,2.28421
8683,1.9349
8684,2.05445
8685,2.07039
8686,6.26679
8687,1.22239
8688,3.45943
8689,1.73697
8690,1.91427
8691,2.04064
8692,2.14296
8693,1.63227
8694,1.848
8695,2
8696,1.78319
8697,1.94877
8698,2.16581
8699,1.70895
8700,1.86014
8701,2.27886
8702,1.80735
8703,1.64508
8704,2
8705,2
8706,2.45457
8707,2.13578
8708,1.82685
8709,2.1836
8710,2.37346
8711,2.01937
8712,2.10236
8713,1.94877
8714,2.24176
8715,1.85688
8716,1.99159
8717,1.90689
8718,1.922
8719,1.8365
8720,1.63136
8721,1.80314
8722,1.96047
8723,1.87168
8724,2.16146
8725,1.75077
8726,1.7997
8727,2.13578
8728,1.82685
8729,2.26849
8730,1.82685
8731,2.26849
8732,1.82685
8733,1.69817
8734,1.88662
8735,2.40498
8736,2.19967
8737,1.98935
8738,1.74655
8739,2.07039
8740,1.91511
8741,1.84609
8742,1.68182
8743,2.16581
8744,2.23947
8745,2.10852
8746,1.99022
8747,2.06667
8748,2
8749,2.16146
8750,1.91857
8751,1.98138
8752,2.20353
8753,2.0199
8754,2.26679
8755,2.19794
8756,2.14975
8757,1.85244
8758,2.3744
8759,2.08517
8760,1.82103
8761,1.81214
8762,1.84276
8763,2.09686
8764,1.95174
8765,2.40881
8766,1.97924
8767,6.19967
8768,1.32193
8769,2
8770,2.80735
8771,1.98138
8772,1.82103
8773,1.81214
8774,2.27886
8775,1.80735
8776,2.49923
8777,2.14975
8778,2.40498
8779,2.19967
8780,2.03242
8781,2.11221
8782,2.10912
8783,2.45457
8784,2.25442
8785,1.99159
8786,1.90689
8787,1.922
8788,1.8365
8789,2.05585
8790,1.82685
8791,1.69817
8792,2.22542
8793,2.11548
8794,1.90689
8795,2.15687
8796,2.09192
8797,2
8798,2.45457
8799,1.92427
8800,2.152
8801,1.7633
8802,1.98089
8803,2.01707
8804,2.10343
8805,1.79837
8806,2.22542
8807,2.20387
8808,2.25298
8809,1.926
8810,1.9542
8811,1.9542
8812,2.13171
8813,1.8679
8814,2.29462
8815,1.68226
8816,2.28421
8817,2.40498
8818,2.11221
8819,2.04924
8820,1.99022
8821,1.922
8822,1.8365
8823,2.25939
8824,2.27753
8825,2.02895
8826,1.88085
8827,2.17932
8828,1.98138
8829,2.06496
8830,2.04924
8831,2.11221
8832,2.04924
8833,1.99022
8834,2.16993
8835,2.18442
8836,1.72348
8837,2.1343
8838,1.70895
8839,1.86014
8840,2.15687
8841,1.88042
8842,1.85688
8843,1.80314
8844,2.12553
8845,2.16993
8846,2.1375
8847,2.8413
8848,7.16993
8849,1.58496
8850,2.70044
8851,2.58496
8852,2.16146
8853,1.75077
8854,1.7997
8855,2.13578
8856,2.46428
8857,1.68182
8858,2.24176
8859,1.85688
8860,1.80314
8861,2.12553
8862,2.03242
8863,2.11221
8864,2.10912
8865,2.20945
8866,1.78319
8867,2.08964
8868,2.10852
8869,1.95174
8870,2.31259
8871,1.78136
8872,1.86836
8873,1.86836
8874,1.93707
8875,1.82103
8876,1.88085
8877,2.09192
8878,1.82667
8879,2.37504
8880,1.86014
8881,1.90689
8882,1.90689
8883,1.84276
8884,1.94486
8885,2.18641
8886,2.02748
8887,1.84609
8888,2.31259
8889,1.78136
8890,1.93707
8891,2.20353
8892,1.76356
8893,1.92427
8894,1.92961
8895,2.41814
8896,1.85244
8897,2.3744
8898,2.08517
8899,2.22542
8900,2.16993
8901,2.1375
8902,2.20387
8903,2.25298
8904,2.20353
8905,2.28293
8906,2.45457
8907,2.25442
8908,1.80314
8909,2.08246
8910,2.13171
8911,1.8679
8912,1.86836
8913,1.974
8914,2.19967
8915,2.03242
8916,2.11221
8917,1.953
8918,2.25442
8919,2.02554
8920,1.91194
8921,2.02748
8922,1.87168
8923,1.70895
8924,1.95744
8925,2.05445
8926,1.70895
8927,2.06178
8928,2.09686
8929,5.65344
8930,2.11548
8931,2.11548
8932,2.32193
8933,2.09686
8934,2.11221
8935,1.88085
8936,2.17932
8937,2.01886
8938,2.34169
8939,1.922
8940,1.87447
8941,1.70782
8942,2.01707
8943,1.88085
8944,1.77493
8945,1.78427
8946,2.06871
8947,1.93289
8948,2.21681
8949,2.06667
8950,2
8951,1.94996
8952,1.80735
8953,2.06178
8954,1.98138
8955,2.07039
8956,2.18442
8957,2.14975
8958,2.30189
8959,1.99022
8960,2.16993
8961,1.90689
8962,2.16993
8963,1.96047
8964,1.88085
8965,1.88042
8966,1.85688
8967,2.02554
8968,2.25298
8969,2.20353
8970,2.28293
8971,1.81714
8972,2.26679
8973,2.19794
8974,2.14975
8975,1.73361
8976,2.06054
8977,2.0282
8978,2.21681
8979,2.14684
8980,2.01886
8981,2.34169
8982,2.16993
8983,1.96047
8984,2
8985,1.82667
8986,1.94877
8987,1.75077
8988,2
8989,1.78319
8990,2.08964
8991,1.68226
8992,1.74655
8993,2.11221
8994,2.07039
8995,1.90689
8996,1.922
8997,2.11548
8998,1.93707
8999,2.22542
9000,2.03242
9001,2.11221
9002,1.88085
9003,1.77493
9004,1.9542
9005,2.13171
9006,1.8679
9007,1.86836
9008,2.15687
9009,1.99022
9010,6.16993
9011,1.32193
9012,2
9013,2.80735
9014,1.98138
9015,1.926
9016,1.9542
9017,1.78427
9018,2.06871
9019,1.93289
9020,2.10434
9021,2.05585
9022,1.82685
9023,2.10343
9024,1.92961
9025,2.41814
9026,1.85244
9027,1.80735
9028,1.80735
9029,1.94996
9030,1.68182
9031,1.75077
9032,2
9033,1.81714
9034,2.26679
9035,1.85914
9036,2.46949
9037,2.8413
9038,2.12553
9039,1.98935
9040,2.28421
9041,1.85244
9042,1.80735
9043,1.80735
9044,2.01707
9045,2.10912
9046,1.78319
9047,1.94877
9048,2.16581
9049,2.16146
9050,2.24176
9051,1.95641
9052,2.27753
9053,2.10912
9054,2.26849
9055,1.89724
9056,1.91857
9057,1.98138
9058,2.03847
9059,2.25939
9060,1.92961
9061,2.06667
9062,2.15528
9063,1.74655
9064,2.07039
9065,2.18641
9066,2.22542
9067,1.65368
9068,2.32193
9069,1.86836
9070,1.78136
9071,1.93707
9072,2.20353
9073,2.10236
9074,2.08964
9075,2.52356
9076,2.18641
9077,2.14296
9078,2.18866
9079,1.80232
9080,1.86836
9081,1.93707
9082,2.02748
9083,2.21681
9084,2.30433
9085,1.82103
9086,2.1343
9087,2.23947
9088,1.974
9089,2.24548
9090,1.81214
9091,6.36632
9092,1.80735
9093,1.16993
9094,1.73697
9095,1.91857
9096,2.01886
9097,1.70782
9098,2.29177
9099,2.07039
9100,1.95693
9101,1.63227
9102,2.1343
9103,2.23947
9104,1.97924
9105,1.87774
9106,1.96047
9107,2.06848
9108,1.98138
9109,1.87774
9110,2.08246
9111,2.04924
9112,2.49923
9113,2.14975
9114,2.40498
9115,1.64508
9116,2.06871
9117,2.18286
9118,2.18866
9119,2.16993
9120,2.1375
9121,2.20387
9122,1.87447
9123,1.70782
9124,2.29177
9125,2.15528
9126,1.74655
9127,2.07039
9128,2.18641
9129,2.22542
9130,1.65368
9131,1.8365
9132,2.21632
9133,2.22542
9134,2.11221
9135,1.87774
9136,2.08246
9137,2.04924
9138,2.24548
9139,1.88085
9140,2.09192
9141,2
9142,1.81714
9143,1.77493
9144,1.78427
9145,1.87168
9146,1.70895
9147,2.06178
9148,1.98138
9149,2.07039
9150,1.98089
9151,2.0282
9152,2.10434
9153,2.05585
9154,1.82685
9155,2.10343
9156,1.92961
9157,2.06667
9158,2.15528
9159,2.28421
9160,1.9349
9161,2.05445
9162,2.18286
9163,2.18866
9164,2.16993
9165,1.91511
9166,2.10912
9167,2.26849
9168,2.04924
9169,2.10912
9170,1.81714
9171,2.26679
9172,6.2854
9173,3
9174,1.70044
9175,1.58496
9176,2.09192
9177,1.82667
9178,1.94877
9179,1.75077
9180,2.60039
9181,1.77493
9182,2.18866
9183,2.03242
9184,1.87774
9185,1.96047
9186,2
9187,1.7997
9188,2.25442
9189,1.80314
9190,1.96047
9191,2.06871
9192,1.93289
9193,2.10434
9194,2.21632
9195,2.22542
9196,1.85244
9197,1.80735
9198,1.91427
9199,2.04064
9200,1.78932
9201,2.22542
9202,2.20387
9203,1.87447
9204,1.70782
9205,2.14975
9206,1.73361
9207,2.23563
9208,2.28293
9209,1.78319
9210,2.37504
9211,1.95744
9212,2.05445
9213,1.70895
9214,2.06178
9215,1.94486
9216,2.18641
9217,2.02748
9218,2.02895
9219,2.19401
9220,1.94877
9221,2.09366
9222,1.93289
9223,2.03395
9224,2.28293
9225,1.81714
9226,2.26679
9227,1.85914
9228,2.04064
9229,2.02748
9230,2.02895
9231,2.19401
9232,1.73118
9233,1.974
9234,2.11221
9235,2.13171
9236,2.0199
9237,2.25939
9238,2.152
9239,1.65368
9240,2.32193
9241,2.1247
9242,1.95744
9243,2.09192
9244,1.82667
9245,2.08964
9246,1.97924
9247,2.07039
9248,1.98089
9249,2.06667
9250,2.11548
9251,1.922
9252,2.01937
9253,7.18982
9254,1.22239
9255,2.45943
9256,2.16993
9257,2.0983
9258,1.88662
9259,1.80232
9260,1.86836
9261,2.04669
9262,2.03847
9263,1.63136
9264,1.80314
9265,1.96047
9266,2.06871
9267,1.96605
9268,2.11548
9269,1.922
9270,2.11548
9271,1.86836
9272,1.86836
9273,1.93707
9274,2.22542
9275,2.16993
9276,1.95693
9277,2.18866
9278,2.40498
9279,2.11221
9280,2.04924
9281,1.91427
9282,2.46949
9283,2.8413
9284,2.08246
9285,2.04924
9286,2.24548
9287,2.06848
9288,1.94486
9289,1.95693
9290,2.41814
9291,2.26748
9292,1.98138
9293,2.07039
9294,1.98089
9295,2.16146
9296,1.91857
9297,1.98138
9298,2.22542
9299,2.03242
9300,1.99022
9301,1.75256
9302,1.87168
9303,1.86836
9304,1.974
9305,1.64508
9306,2.06871
9307,1.96605
9308,2.11548
9309,2.16993
9310,2.14136
9311,1.922
9312,1.63227
9313,1.848
9314,2.60039
9315,2.17932
9316,1.98138
9317,2.02748
9318,2.06871
9319,2.18286
9320,2.18866
9321,2.03242
9322,2.11221
9323,1.69817
9324,1.88662
9325,2.40498
9326,2.19967
9327,1.98935
9328,1.74655
9329,2.11221
9330,2.07039
9331,1.8365
9332,1.63136
9333,1.99159
9334,5.64386
9335,2
9336,1.32193
9337,1.48543
9338,2
9339,2.01707
9340,1.953
9341,2.0983
9342,1.88662
9343,2.40498
9344,2.11221
9345,2.04924
9346,2.49923
9347,1.72348
9348,2.1343
9349,1.70895
9350,2.06178
9351,1.94486
9352,1.91511
9353,2.10912
9354,2.26849
9355,1.89724
9356,2.46877
9357,1.78427
9358,2
9359,2
9360,1.81714
9361,1.77493
9362,1.78427
9363,2
9364,2.60039
9365,1.94486
9366,2.03395
9367,2.0199
9368,1.94486
9369,2.03395
9370,2.10236
9371,1.94877
9372,1.75077
9373,2
9374,1.81714
9375,1.77493
9376,1.9542
9377,2.00972
9378,1.93707
9379,2
9380,2.29462
9381,1.68226
9382,1.953
9383,2.1343
9384,1.70895
9385,1.95744
9386,2.05445
9387,2.16146
9388,2.16581
9389,2.23947
9390,1.97924
9391,1.87774
9392,2.08246
9393,2.13171
9394,2.0199
9395,2.21632
9396,1.88662
9397,2.40498
9398,2.24548
9399,1.81214
9400,1.84276
9401,2.09686
9402,2.28421
9403,1.9349
9404,2.05445
9405,1.96605
9406,2.11548
9407,1.922
9408,1.87447
9409,2.34169
9410,2.16993
9411,2.12553
9412,2.03242
9413,2.07039
9414,1.98089
9415,5.69116
9416,2.16993
9417,2.58496
9418,2.16993
9419,1.77493
9420,1.78427
9421,1.87168
9422,2.16146
9423,2.09366
9424,2.18286
9425,2.23173
9426,2.38042
9427,1.80735
9428,2.19967
9429,2.03242
9430,2.11221
9431,2.1836
9432,1.99159
9433,1.90689
9434,1.922
9435,2.01937
9436,2.0199
9437,2.26679
9438,1.85914
9439,2.04064
9440,2.22542
9441,1.7633
9442,1.98089
9443,2.01707
9444,1.953
9445,1.92427
9446,1.92961
9447,1.63227
9448,2.1343
9449,2.23947
9450,1.974
9451,1.64508
9452,2.06871
9453,1.96605
9454,2.19794
9455,1.72348
9456,1.848
9457,1.82667
9458,2.08964
9459,1.97924
9460,2.07039
9461,2.18442
9462,1.72348
9463,2.09954
9464,1.93289
9465,2.10434
9466,2.25939
9467,2.27753
9468,2.10912
9469,2.1836
9470,2.02554
9471,2.11548
9472,2.34042
9473,1.70782
9474,2.01707
9475,2.19401
9476,1.73118
9477,1.974
9478,1.64508
9479,2.21681
9480,1.95641
9481,1.92961
9482,1.63227
9483,2.09954
9484,2.18286
9485,1.9542
9486,2.04924
9487,2.24548
9488,1.88085
9489,1.88042
9490,2.1008
9491,2.04924
9492,2.19401
9493,2.37504
9494,1.95744
9495,1.88042
9496,5.76377
9497,2.5025
9498,1.32193
9499,2.22239
9500,2.18866
9501,1.98935
9502,1.953
9503,1.848
9504,2.60039
9505,1.77493
9506,2.18866
9507,2.03242
9508,2.11221
9509,1.953
9510,2.25442
9511,2.02554
9512,2.25298
9513,1.926
9514,1.9542
9515,2.23173
9516,2.06848
9517,2.09686
9518,2.11221
9519,1.69817
9520,2.22542
9521,2.15528
9522,2.28421
9523,2.30189
9524,1.91427
9525,1.848
9526,2.02895
9527,1.953
9528,2.25442
9529,2.02554
9530,1.91194
9531,2.06496
9532,2.04924
9533,2.49923
9534,1.72348
9535,2.09954
9536,2.07039
9537,1.98138
9538,2.03847
9539,1.63136
9540,1.80314
9541,2.12553
9542,1.98935
9543,2.28421
9544,2.40498
9545,2.24548
9546,1.81214
9547,2.15687
9548,2.09192
9549,2
9550,1.78319
9551,1.94877
9552,1.75077
9553,2.60039
9554,2.17932
9555,2.17932
9556,1.93707
9557,2.02748
9558,1.87168
9559,1.70895
9560,1.95744
9561,2.05445
9562,2.18286
9563,1.78427
9564,1.87168
9565,1.70895
9566,1.95744
9567,2.05445
9568,2.16146
9569,2.24176
9570,2.1008
9571,1.89724
9572,1.75256
9573,1.87168
9574,1.86836
9575,2.1964
9576,2.06054
9577,5.69116
9578,2.16993
9579,1.22239
9580,1
9581,1.96047
9582,2.06848
9583,2.09686
9584,1.953
9585,2.1343
9586,1.95641
9587,1.92961
9588,2.18866
9589,2.40498
9590,1.64508
9591,2.06871
9592,1.93289
9593,2.03395
9594,2.0199
9595,2.26679
9596,2
9597,1.94996
9598,1.68182
9599,2.09366
9600,2.07039
9601,1.98138
9602,2.06496
9603,2.13171
9604,2.0199
9605,2.25939
9606,2.27753
9607,2.10912
9608,1.69817
9609,1.82103
9610,1.848
9611,2
9612,1.81714
9613,2.26679
9614,2
9615,1.94996
9616,1.68182
9617,2.09366
9618,2.18286
9619,1.9542
9620,2.04924
9621,1.99022
9622,2.16993
9623,1.96047
9624,2.06871
9625,2.18286
9626,1.9542
9627,2.04924
9628,1.64508
9629,2.06871
9630,2.18286
9631,2.23173
9632,1.81214
9633,1.84276
9634,2.09686
9635,1.99022
9636,2.06667
9637,2.11548
9638,1.922
9639,2.01937
9640,2.28293
9641,1.81714
9642,2.17932
9643,2.01886
9644,1.70782
9645,2.16146
9646,2.46877
9647,2.23173
9648,1.81214
9649,1.84276
9650,1.94486
9651,1.95693
9652,2.06667
9653,1.87774
9654,2.11221
9655,2.1836
9656,1.80314
9657,1.96047
9658,6.42626
9659,2
9660,1.87447
9661,1.58496
9662,2.09366
9663,2.07039
9664,1.98138
9665,2.03847
9666,2.25939
9667,2.27753
9668,2.10912
9669,1.69817
9670,1.82103
9671,2.1343
9672,1.95641
9673,1.92961
9674,2.06667
9675,2.11221
9676,2.15528
9677,2.25298
9678,2
9679,1.93707
9680,2.24176
9681,2.30433
9682,2.22542
9683,2.11221
9684,2.07039
9685,2.32193
9686,1.93707
9687,2.24176
9688,2.1008
9689,1.89724
9690,1.75256
9691,2.03395
9692,2.28293
9693,1.81714
9694,1.94486
9695,2.03395
9696,2.10236
9697,2.37504
9698,1.86014
9699,1.84276
9700,1.94486
9701,2.18641
9702,2.14296
9703,2.41814
9704,1.85244
9705,1.80735
9706,2.24548
9707,2.38042
9708,1.80735
9709,1.64508
9710,2.06871
9711,1.96605
9712,2.11548
9713,2.16993
9714,2.12553
9715,1.98935
9716,1.953
9717,2.1343
9718,1.95641
9719,2.152
9720,2.8413
9721,2.08246
9722,2.13171
9723,2.0199
9724,2.25939
9725,1.92961
9726,2.18866
9727,1.80232
9728,1.86836
9729,2.34042
9730,1.70782
9731,2.01707
9732,2.1836
9733,1.80314
9734,2.08246
9735,2.04924
9736,1.99022
9737,2.16993
9738,2.12553
9739,5.49185
9740,1.45943
9741,1.70044
9742,1.80735
9743,1.99022
9744,2.06667
9745,1.85914
9746,1.848
9747,1.84609
9748,1.68182
9749,2.09366
9750,1.96605
9751,1.85914
9752,2.04064
9753,1.78932
9754,1.78932
9755,2.14296
9756,2.41814
9757,1.85244
9758,1.80735
9759,1.80735
9760,1.94996
9761,1.68182
9762,1.75077
9763,2.60039
9764,1.77493
9765,1.78427
9766,2.21681
9767,1.95641
9768,1.92961
9769,1.63227
9770,2.09954
9771,1.93289
9772,1.87168
9773,1.93707
9774,1.75077
9775,2
9776,2.20945
9777,1.78319
9778,1.94877
9779,2.24176
9780,1.85688
9781,2.37346
9782,1.98089
9783,1.9542
9784,2.18866
9785,1.98935
9786,2.28421
9787,1.80232
9788,1.86836
9789,1.93707
9790,2.02748
9791,2.06871
9792,1.93289
9793,2.03395
9794,1.76356
9795,2.25442
9796,1.80314
9797,1.96047
9798,2.21681
9799,2.30433
9800,1.88662
9801,1.80232
9802,1.93707
9803,2
9804,1.86836
9805,1.78136
9806,1.86836
9807,1.86836
9808,1.86836
9809,1.86836
9810,2.04669
9811,2.20353
9812,2.10236
9813,1.73118
9814,1.78136
9815,2.08517
9816,1.82103
9817,1.88085
9818,2.05445
9819,2.16146
9820,5.45121
9821,2
9822,2.45943
9823,2.16993
9824,1.82103
9825,2.1343
9826,1.85688
9827,1.99159
9828,1.98089
9829,2.01707
9830,1.953
9831,2.25442
9832,2.02554
9833,1.91194
9834,2.06496
9835,2.00972
9836,1.86836
9837,1.86836
9838,2.04669
9839,2
9840,1.93707
9841,1.75077
9842,2.60039
9843,1.77493
9844,1.78427
9845,1.87168
9846,2.23947
9847,2.52356
9848,1.95693
9849,1.63227
9850,1.848
9851,1.7997
9852,2.25442
9853,1.80314
9854,1.96047
9855,2
9856,2.60039
9857,2.26679
9858,2.19794
9859,2.14975
9860,2.30189
9861,1.91427
9862,1.922
9863,2.41814
9864,2.26748
9865,1.94486
9866,1.91511
9867,2.10912
9868,1.69817
9869,1.82103
9870,1.848
9871,1.7997
9872,2.25442
9873,1.99159
9874,1.90689
9875,1.922
9876,1.87447
9877,1.70782
9878,1.94996
9879,1.68182
9880,2.16581
9881,2.16146
9882,2.24176
9883,2.30433
9884,2.22542
9885,2.11221
9886,2.07039
9887,1.8365
9888,2.05585
9889,2.04924
9890,2.10912
9891,2.20945
9892,2.20945
9893,1.81714
9894,1.94486
9895,2.21681
9896,1.9542
9897,2.23173
9898,2.38042
9899,1.80735
9900,1.91427
9901,5.58496
9902,2.32193
9903,1.73697
9904,1.58496
9905,2.37346
9906,1.8365
9907,2.21632
9908,2.22542
9909,1.85244
9910,1.80735
9911,1.80735
9912,2.01707
9913,1.69817
9914,1.82103
9915,1.848
9916,2.60039
9917,1.77493
9918,2.18866
9919,2.03242
9920,1.95174
9921,2.31259
9922,1.78136
9923,2.08517
9924,2.02748
9925,2.06871
9926,1.93289
9927,2.10434
9928,2.21632
9929,1.88662
9930,1.73361
9931,2.06054
9932,2.06667
9933,2.19794
9934,2.29177
9935,2.11221
9936,2.07039
9937,2.18442
9938,1.72348
9939,1.848
9940,2
9941,1.78319
9942,1.73118
9943,1.974
9944,1.64508
9945,1.87168
9946,1.70895
9947,1.95744
9948,2.09192
9949,1.82667
9950,1.73118
9951,2.1964
9952,2.06054
9953,2.0282
9954,2.10434
9955,1.63136
9956,2.02554
9957,2.25298
9958,1.926
9959,2.06667
9960,2.11548
9961,1.922
9962,2.01937
9963,1.76356
9964,2.0983
9965,1.88662
9966,1.80232
9967,1.93707
9968,1.926
9969,2.14684
9970,2.17932
9971,1.93707
9972,2.22542
9973,1.98935
9974,1.953
9975,2.1343
9976,1.95641
9977,1.92961
9978,2.06667
9979,2.07039
9980,1.95693
9981,2.06667
9982,5.61471
9983,1.45943
9984,1.70044
9985,1.58496
9986,2.05445
9987,2.18286
9988,1.78427
9989,2
9990,1.7997
9991,2.13578
9992,1.89724
9993,2.06667
9994,1.85914
9995,1.848
9996,2.02895
9997,2.10912
9998,1.78319
9999,1.94877
10000,2.09366
10001,1.93289
10002,1.87168
10003,1.93707
10004,2.09366
10005,1.96605
10006,2.11548
10007,1.922
10008,2.01937
10009,2.0199
10010,1.77493
10011,2.18866
10012,2.03242
10013,2.11221
10014,2.1836
10015,2.37346
10016,1.98089
10017,2.0282
10018,2.21681
10019,1.9542
10020,1.78427
10021,2
10022,2.60039
10023,2.17932
10024,2.17932
10025,2.34042
10026,1.70782
10027,2.14975
10028,2.26748
10029,2.09686
10030,1.74655
10031,2.07039
10032,1.95693
10033,2.06667
10034,2.15528
10035,1.74655
10036,1.87774
10037,1.99022
10038,2.06667
10039,1.85914
10040,1.848
10041,1.84609
10042,1.80735
10043,1.86014
10044,1.84276
10045,1.94486
10046,2.1375
10047,2.20387
10048,1.87447
10049,1.70782
10050,1.94996
10051,2.40881
10052,1.97924
10053,1.87774
10054,2.08246
10055,2.13171
10056,1.8679
10057,2.1247
10058,2.29624
10059,1.80735
10060,1.99022
10061,2.16993
10062,2.18442
10063,5.14975
10064,2.11548
10065,1.80735
10066,2
10067,2.29177
10068,2.07039
10069,1.91511
10070,2.02895
10071,2.10912
10072,2.20945
10073,1.81714
10074,1.94486
10075,1.87168
10076,2.29462
10077,1.68226
10078,1.74655
10079,2.11221
10080,1.87774
10081,2.08246
10082,2.00972
10083,2.08517
10084,2.02748
10085,1.87168
10086,2.16146
10087,2.09366
10088,1.93289
10089,2.21681
10090,1.9542
10091,1.9542
10092,2.04924
10093,2.49923
10094,2.29177
10095,2.15528
10096,1.74655
10097,1.87774
10098,1.99022
10099,2.06667
10100,2
10101,2.01707
10102,2.10912
10103,1.81714
10104,1.77493
10105,2.18866
10106,2.03242
10107,1.87774
10108,1.96047
10109,1.87168
10110,1.70895
10111,1.86014
10112,1.84276
10113,2.09686
10114,2.28421
10115,2.30189
10116,1.91427
10117,1.848
10118,2.10912
10119,1.75256
10120,1.87168
10121,1.86836
10122,1.78136
10123,1.93707
10124,2
10125,1.86836
10126,2.15687
10127,1.91427
10128,2.46949
10129,1.65368
10130,1.98089
10131,2.0282
10132,1.87168
10133,1.86836
10134,1.974
10135,1.64508
10136,1.87168
10137,2.23947
10138,2.10852
10139,2.11221
10140,2.10343
10141,1.92961
10142,1.63227
10143,2.09954
10144,6.39232
10145,3.16993
